,ACH-000002,ACH-000004,ACH-000006,ACH-000008,ACH-000009,ACH-000015,ACH-000018,ACH-000019,ACH-000020,ACH-000021,ACH-000023,ACH-000024,ACH-000030,ACH-000035,ACH-000038,ACH-000046,ACH-000047,ACH-000048,ACH-000050,ACH-000053,ACH-000054,ACH-000056,ACH-000058,ACH-000059,ACH-000061,ACH-000062,ACH-000065,ACH-000070,ACH-000072,ACH-000073,ACH-000074,ACH-000078,ACH-000081,ACH-000087,ACH-000090,ACH-000092,ACH-000094,ACH-000096,ACH-000098,ACH-000099,ACH-000100,ACH-000101,ACH-000103,ACH-000105,ACH-000106,ACH-000108,ACH-000111,ACH-000112,ACH-000113,ACH-000115,ACH-000117,ACH-000120,ACH-000121,ACH-000124,ACH-000129,ACH-000132,ACH-000136,ACH-000137,ACH-000138,ACH-000142,ACH-000144,ACH-000145,ACH-000146,ACH-000149,ACH-000151,ACH-000153,ACH-000159,ACH-000161,ACH-000162,ACH-000168,ACH-000169,ACH-000171,ACH-000174,ACH-000176,ACH-000181,ACH-000183,ACH-000186,ACH-000187,ACH-000188,ACH-000189,ACH-000191,ACH-000192,ACH-000193,ACH-000196,ACH-000200,ACH-000204,ACH-000210,ACH-000211,ACH-000212,ACH-000217,ACH-000218,ACH-000221,ACH-000222,ACH-000223,ACH-000225,ACH-000226,ACH-000227,ACH-000231,ACH-000233,ACH-000236,ACH-000238,ACH-000242,ACH-000243,ACH-000244,ACH-000245,ACH-000247,ACH-000248,ACH-000249,ACH-000250,ACH-000254,ACH-000257,ACH-000259,ACH-000260,ACH-000263,ACH-000264,ACH-000267,ACH-000269,ACH-000270,ACH-000271,ACH-000273,ACH-000276,ACH-000277,ACH-000281,ACH-000282,ACH-000287,ACH-000288,ACH-000290,ACH-000291,ACH-000292,ACH-000293,ACH-000295,ACH-000298,ACH-000301,ACH-000303,ACH-000304,ACH-000305,ACH-000308,ACH-000309,ACH-000311,ACH-000315,ACH-000318,ACH-000320,ACH-000322,ACH-000323,ACH-000326,ACH-000330,ACH-000332,ACH-000334,ACH-000335,ACH-000336,ACH-000337,ACH-000341,ACH-000343,ACH-000345,ACH-000346,ACH-000347,ACH-000348,ACH-000349,ACH-000350,ACH-000351,ACH-000352,ACH-000353,ACH-000355,ACH-000358,ACH-000359,ACH-000360,ACH-000361,ACH-000362,ACH-000363,ACH-000365,ACH-000366,ACH-000367,ACH-000369,ACH-000371,ACH-000372,ACH-000373,ACH-000374,ACH-000375,ACH-000378,ACH-000379,ACH-000380,ACH-000381,ACH-000383,ACH-000386,ACH-000389,ACH-000391,ACH-000392,ACH-000394,ACH-000395,ACH-000396,ACH-000399,ACH-000400,ACH-000401,ACH-000403,ACH-000408,ACH-000410,ACH-000411,ACH-000414,ACH-000416,ACH-000420,ACH-000421,ACH-000422,ACH-000423,ACH-000424,ACH-000425,ACH-000427,ACH-000430,ACH-000431,ACH-000432,ACH-000434,ACH-000439,ACH-000440,ACH-000441,ACH-000442,ACH-000443,ACH-000447,ACH-000448,ACH-000449,ACH-000450,ACH-000451,ACH-000452,ACH-000456,ACH-000457,ACH-000463,ACH-000464,ACH-000465,ACH-000469,ACH-000470,ACH-000472,ACH-000473,ACH-000475,ACH-000476,ACH-000478,ACH-000480,ACH-000481,ACH-000482,ACH-000484,ACH-000486,ACH-000488,ACH-000489,ACH-000491,ACH-000493,ACH-000496,ACH-000504,ACH-000505,ACH-000506,ACH-000508,ACH-000510,ACH-000514,ACH-000515,ACH-000516,ACH-000518,ACH-000521,ACH-000522,ACH-000524,ACH-000525,ACH-000527,ACH-000528,ACH-000532,ACH-000534,ACH-000535,ACH-000536,ACH-000544,ACH-000546,ACH-000547,ACH-000548,ACH-000551,ACH-000552,ACH-000554,ACH-000559,ACH-000560,ACH-000562,ACH-000563,ACH-000565,ACH-000567,ACH-000568,ACH-000569,ACH-000571,ACH-000572,ACH-000573,ACH-000574,ACH-000577,ACH-000579,ACH-000580,ACH-000581,ACH-000583,ACH-000584,ACH-000585,ACH-000586,ACH-000587,ACH-000589,ACH-000595,ACH-000596,ACH-000599,ACH-000603,ACH-000605,ACH-000607,ACH-000609,ACH-000610,ACH-000611,ACH-000613,ACH-000614,ACH-000615,ACH-000617,ACH-000620,ACH-000621,ACH-000622,ACH-000624,ACH-000627,ACH-000628,ACH-000631,ACH-000633,ACH-000636,ACH-000637,ACH-000638,ACH-000639,ACH-000640,ACH-000641,ACH-000643,ACH-000647,ACH-000648,ACH-000650,ACH-000652,ACH-000653,ACH-000654,ACH-000655,ACH-000656,ACH-000657,ACH-000660,ACH-000662,ACH-000663,ACH-000664,ACH-000665,ACH-000666,ACH-000667,ACH-000668,ACH-000670,ACH-000672,ACH-000674,ACH-000675,ACH-000678,ACH-000680,ACH-000681,ACH-000684,ACH-000689,ACH-000691,ACH-000693,ACH-000694,ACH-000696,ACH-000699,ACH-000702,ACH-000706,ACH-000711,ACH-000713,ACH-000714,ACH-000716,ACH-000717,ACH-000718,ACH-000719,ACH-000720,ACH-000722,ACH-000724,ACH-000725,ACH-000727,ACH-000729,ACH-000730,ACH-000733,ACH-000738,ACH-000743,ACH-000744,ACH-000745,ACH-000747,ACH-000748,ACH-000751,ACH-000752,ACH-000754,ACH-000755,ACH-000756,ACH-000757,ACH-000759,ACH-000766,ACH-000767,ACH-000768,ACH-000769,ACH-000775,ACH-000776,ACH-000778,ACH-000780,ACH-000781,ACH-000783,ACH-000784,ACH-000786,ACH-000787,ACH-000788,ACH-000789,ACH-000790,ACH-000792,ACH-000795,ACH-000800,ACH-000802,ACH-000805,ACH-000806,ACH-000809,ACH-000810,ACH-000811,ACH-000812,ACH-000815,ACH-000816,ACH-000818,ACH-000819,ACH-000821,ACH-000822,ACH-000823,ACH-000824,ACH-000825,ACH-000826,ACH-000828,ACH-000830,ACH-000835,ACH-000838,ACH-000840,ACH-000841,ACH-000843,ACH-000847,ACH-000848,ACH-000849,ACH-000852,ACH-000853,ACH-000855,ACH-000856,ACH-000857,ACH-000858,ACH-000859,ACH-000860,ACH-000861,ACH-000863,ACH-000865,ACH-000866,ACH-000867,ACH-000869,ACH-000873,ACH-000875,ACH-000876,ACH-000878,ACH-000879,ACH-000880,ACH-000881,ACH-000882,ACH-000885,ACH-000886,ACH-000888,ACH-000892,ACH-000893,ACH-000894,ACH-000896,ACH-000900,ACH-000902,ACH-000903,ACH-000905,ACH-000906,ACH-000910,ACH-000911,ACH-000913,ACH-000914,ACH-000915,ACH-000916,ACH-000917,ACH-000918,ACH-000920,ACH-000922,ACH-000924,ACH-000926,ACH-000927,ACH-000929,ACH-000930,ACH-000932,ACH-000934,ACH-000935,ACH-000936,ACH-000937,ACH-000938,ACH-000939,ACH-000943,ACH-000944,ACH-000945,ACH-000949,ACH-000950,ACH-000951,ACH-000953,ACH-000955,ACH-000958,ACH-000963,ACH-000965,ACH-000969,ACH-000970,ACH-000973,ACH-000974,ACH-000976,ACH-000978,ACH-000980,ACH-000981,ACH-000983,ACH-000988,ACH-000989,ACH-000991,ACH-000997,ACH-000998,ACH-000999,ACH-001016,ACH-001023,ACH-001024,ACH-001063,ACH-001075,ACH-001106,ACH-001131,ACH-001136,ACH-001137,ACH-001138,ACH-001151,ACH-001190,ACH-001193,ACH-001203,ACH-001233,ACH-001274,ACH-001306,ACH-001307,ACH-001321,ACH-001338,ACH-001344,ACH-001345,ACH-001350,ACH-001355,ACH-001358,ACH-001359,ACH-001360,ACH-001362,ACH-001363,ACH-001364,ACH-001365,ACH-001383,ACH-001384,ACH-001402,ACH-001417,ACH-001418,ACH-001442,ACH-001443,ACH-001453,ACH-001489,ACH-001490,ACH-001496,ACH-001497,ACH-001498,ACH-001500,ACH-001517,ACH-001519,ACH-001525,ACH-001526,ACH-001528,ACH-001529,ACH-001530,ACH-001542,ACH-001543,ACH-001544,ACH-001578,ACH-001599,ACH-001603,ACH-001617,ACH-001625,ACH-001626,ACH-001630,ACH-001638,ACH-001639,ACH-001641,ACH-001642,ACH-001650,ACH-001653,ACH-001654,ACH-001655,ACH-001674,ACH-001680,ACH-001702,ACH-001703,ACH-001704,ACH-001709,ACH-001711,ACH-001715,ACH-001716,ACH-001738,ACH-001819,ACH-001820,ACH-001861,ACH-002020,ACH-002029,ACH-002040,ACH-002043,ACH-002045,ACH-002058,ACH-002062,ACH-002067,ACH-002083,ACH-002090,ACH-002091,ACH-002092,ACH-002093,ACH-002094,ACH-002095,ACH-002096,ACH-002097,ACH-002098,ACH-002099,ACH-002100,ACH-002101,ACH-002102,ACH-002103,ACH-002105,ACH-002106,ACH-002107,ACH-002108,ACH-002109,ACH-002110,ACH-002111,ACH-002112,ACH-002113,ACH-002114,ACH-002115,ACH-002116,ACH-002117,ACH-002118,ACH-002119,ACH-002120,ACH-002121,ACH-002139,ACH-002140,ACH-002141,ACH-002142,ACH-002143,ACH-002144,ACH-002145,ACH-002146,ACH-002147,ACH-002148,ACH-002149,ACH-002150,ACH-002151,ACH-002152,ACH-002153,ACH-002154,ACH-002155,ACH-002156,ACH-002157,ACH-002158,ACH-002159,ACH-002160,ACH-002161,ACH-002163,ACH-002164,ACH-002165,ACH-002166,ACH-002167,ACH-002168,ACH-002169,ACH-002170,ACH-002172,ACH-002174,ACH-002176,ACH-002177,ACH-002178,ACH-002179,ACH-002180,ACH-002181,ACH-002182,ACH-002183,ACH-002184,ACH-002186,ACH-002187,ACH-002188,ACH-002189,ACH-002190,ACH-002191,ACH-002192,ACH-002194,ACH-002195,ACH-002196,ACH-002197,ACH-002198,ACH-002199,ACH-002200,ACH-002201,ACH-002202,ACH-002205,ACH-002206,ACH-002207,ACH-002208,ACH-002209,ACH-002210,ACH-002211,ACH-002212,ACH-002213,ACH-002214,ACH-002215,ACH-002216,ACH-002217,ACH-002218,ACH-002219,ACH-002220,ACH-002221,ACH-002222,ACH-002224,ACH-002225,ACH-002226,ACH-002227,ACH-002228,ACH-002229,ACH-002230,ACH-002231,ACH-002232,ACH-002234,ACH-002235,ACH-002236,ACH-002237,ACH-002238,ACH-002240,ACH-002241,ACH-002242,ACH-002243,ACH-002244,ACH-002245,ACH-002246,ACH-002247,ACH-002248,ACH-002249,ACH-002250,ACH-002251,ACH-002252,ACH-002253,ACH-002254,ACH-002255,ACH-002256,ACH-002257,ACH-002258,ACH-002259,ACH-002261,ACH-002262,ACH-002263,ACH-002264,ACH-002265,ACH-002266,ACH-002267,ACH-002268,ACH-002269,ACH-002271,ACH-002272,ACH-002273,ACH-002274,ACH-002275,ACH-002276,ACH-002277,ACH-002278,ACH-002279,ACH-002280,ACH-002281,ACH-002282,ACH-002283,ACH-002284,ACH-002285,ACH-002286,ACH-002288,ACH-002289,ACH-002290,ACH-002292,ACH-002293,ACH-002294,ACH-002295,ACH-002296,ACH-002297,ACH-002298,ACH-002299,ACH-002300,ACH-002301,ACH-002302,ACH-002304,ACH-002305,ACH-002306,ACH-002307,ACH-002308,ACH-002309,ACH-002310,ACH-002311,ACH-002312,ACH-002313,ACH-002314,ACH-002316,ACH-002317,ACH-002345,ACH-002392,ACH-002397
axitinib,22,26,29,24,23,14,13,19,21,29,20,20,30,29,28,29,29,22,23,23,27,29,17,21,26,33,23,25,14,21,15,14,24,23,17,17,34,22,28,18,18,19,15,18,33,28,15,25,24,26,32,19,21,23,17,22,13,24,22,21,19,22,24,18,21,19,26,17,27,22,30,21,23,21,30,19,20,3,30,26,27,24,19,26,31,28,28,27,30,30,20,18,19,21,13,16,20,32,22,23,19,15,28,14,18,17,28,16,22,20,21,17,20,4,29,16,23,32,23,23,20,15,24,24,20,26,17,21,14,34,14,15,13,27,25,21,31,32,21,22,31,24,29,17,13,21,17,22,20,17,23,13,24,3,16,20,27,23,19,22,21,31,18,22,22,23,25,26,30,25,21,20,22,22,20,19,21,11,28,20,19,23,30,11,17,21,30,16,19,22,26,19,17,25,25,22,30,22,21,25,26,22,29,16,26,32,26,15,15,24,23,28,29,26,18,22,24,17,33,19,30,31,23,21,18,22,16,20,25,21,17,32,28,16,22,19,18,28,21,21,6,20,21,23,24,22,19,23,22,31,13,25,31,25,28,25,28,15,22,24,28,22,19,18,32,28,14,27,24,25,21,25,31,22,18,29,31,16,31,26,24,25,31,16,10,28,22,27,20,27,21,29,22,30,20,24,18,16,14,22,20,28,22,23,25,17,28,26,26,24,29,17,23,27,31,21,21,23,27,22,18,23,30,20,26,23,28,19,21,24,21,24,31,27,31,20,20,22,27,25,23,21,20,18,19,14,32,26,28,15,29,29,20,25,23,19,23,19,24,20,28,24,16,19,14,18,25,28,26,24,27,7,27,21,26,21,27,27,17,27,26,20,21,19,29,20,22,14,23,19,32,32,17,32,21,27,23,20,15,22,31,18,20,24,30,16,18,15,20,22,29,28,31,20,29,23,29,21,27,26,23,32,21,20,19,18,24,21,26,22,32,32,21,22,24,22,26,18,33,29,30,31,18,15,18,20,22,21,18,21,20,13,32,30,32,19,32,26,22,23,22,19,18,32,29,17,22,20,17,21,28,21,25,23,17,29,27,18,30,25,20,21,31,26,30,18,22,29,22,24,17,21,23,23,21,20,25,31,12,15,27,16,23,3,21,20,22,23,21,8,27,21,19,22,20,21,22,23,23,18,20,21,15,22,22,22,17,4,19,19,28,20,20,21,18,21,26,15,13,13,17,18,13,27,25,17,31,24,21,22,30,28,22,18,7,30,20,23,26,18,17,26,24,29,23,19,22,24,21,22,31,29,17,21,23,22,22,14,15,24,21,22,20,17,18,21,16,20,6,24,26,17,27,27,22,19,18,27,26,26,23,28,11,21,14,3,18,18,12,21,25,21,21,20,29,15,31,22,16,23,19,25,28,28,23,29,22,28,22,21,19,24,20,8,20,27,16,20,25,13,25,28,26,25,27,23,17,26,19,23,31,22,23,28,20,29,22,30,22,18,33,20,22,11,29,18,26,26,19,30,17,30,29,27,31,21,21,23,23,23,25,23,22,21,23,19,29,18,22,25,22,24,3,23,24,26,29,24,28,24,14,17,22,19,18,21,25,23,17,28,16,20,21,20,14,20,20,28,29,25,20,24,25,29,27,19,26,22,19,18,23,18,27,24,23,25,20,20,20,20,23,16,19,25,30,19,30,22,31,17,21,23,22,23,23,21,23,16,20,20,15,18,20,23,20,16,18,26,23,22,20,19,14,25,26,20,21,18,26,19,21,22,15,21,19,25,30,26,22,30,20,26,18,23,27,19
bicalutamide,34,33,31,34,31,29,35,31,35,35,29,31,34,26,34,33,22,33,35,30,32,31,34,33,33,31,32,35,33,25,32,31,31,33,21,18,35,32,32,32,30,31,32,35,29,31,31,27,32,30,33,29,32,34,36,36,32,34,32,33,31,31,31,33,34,25,34,34,36,30,33,34,35,29,32,31,25,3,26,27,32,22,27,24,33,29,36,33,33,33,29,33,29,34,13,34,32,34,35,25,35,33,19,26,32,30,21,22,36,34,34,31,21,36,25,31,32,29,36,33,28,30,21,33,33,33,28,31,30,32,33,29,34,31,32,28,34,31,26,30,32,33,31,35,34,34,25,27,23,33,35,29,31,3,26,35,28,31,27,34,30,32,30,28,31,36,31,35,23,30,32,30,36,25,33,34,35,34,19,33,28,20,33,33,32,33,32,30,33,34,23,37,32,33,29,32,34,35,31,32,33,20,27,28,29,33,34,30,34,31,30,29,32,32,23,19,21,32,34,32,33,34,34,30,29,29,31,32,29,34,28,33,32,33,31,34,26,17,35,32,30,33,34,32,28,34,33,28,27,19,32,29,33,33,34,20,31,32,35,31,31,34,31,31,31,33,33,33,26,23,34,35,29,29,31,27,23,30,35,29,31,28,26,32,31,31,33,35,31,35,23,33,33,32,33,32,30,34,31,33,31,29,27,33,34,32,30,32,35,34,34,32,32,34,26,33,33,35,28,32,25,33,33,32,31,31,33,35,31,33,32,30,30,34,34,29,31,27,35,22,30,18,29,21,36,30,31,32,34,32,33,21,34,21,35,32,30,22,29,32,27,33,29,34,22,32,29,30,31,30,33,31,32,30,30,30,30,34,33,30,31,33,32,34,28,33,27,35,28,24,34,34,34,30,32,30,33,36,29,29,30,33,25,33,31,26,30,29,25,29,31,27,32,32,33,31,23,29,32,31,36,28,34,35,33,32,22,34,31,31,34,34,26,33,33,32,32,33,34,33,33,33,25,32,34,26,34,24,33,34,28,27,30,28,33,33,21,33,34,31,21,34,32,22,34,30,34,32,34,35,31,19,29,31,31,31,35,31,33,33,30,31,34,32,34,24,34,33,32,35,34,27,33,32,36,32,35,34,30,30,34,34,32,3,33,28,30,35,34,32,32,34,34,32,32,27,32,33,33,29,33,34,36,32,32,30,33,4,33,31,31,30,26,30,32,31,29,28,29,36,25,31,28,36,32,27,34,35,35,36,36,31,34,31,34,20,30,33,32,32,30,32,35,23,25,25,30,31,30,36,24,31,33,24,29,35,36,32,32,34,32,28,21,32,24,29,32,34,28,29,32,22,32,34,33,31,35,31,25,24,34,31,29,33,31,3,29,30,12,33,35,36,35,33,31,25,35,34,32,32,28,18,31,36,30,36,27,29,34,26,33,33,35,32,31,32,29,30,36,33,26,33,33,33,30,31,29,32,32,33,32,33,32,27,32,33,30,34,35,36,34,31,29,27,21,32,31,33,30,33,36,32,32,28,30,36,35,37,35,36,27,35,30,31,27,31,32,34,28,32,33,33,3,36,32,30,36,23,27,23,32,30,32,32,36,33,34,36,24,36,33,33,32,26,30,27,30,31,31,36,33,35,33,35,32,31,33,30,27,30,32,30,34,31,35,35,34,29,31,30,26,25,30,32,33,32,31,35,30,34,32,30,34,33,33,33,32,29,28,30,26,31,31,19,28,24,26,29,34,36,34,29,29,30,35,33,35,35,33,32,32,34,34,32,36,27,31,32,28,31,33,28,34,20,33,33
bleomycin,33,29,24,13,27,36,12,12,18,18,12,35,13,10,16,13,23,14,19,31,14,30,21,14,17,35,21,24,21,23,27,15,12,13,20,37,36,19,12,21,36,35,28,22,9,25,32,19,20,36,10,13,19,13,19,21,12,16,12,28,27,23,33,10,24,14,23,19,22,24,31,18,20,36,20,36,35,3,13,24,19,35,32,16,11,36,22,10,18,22,19,8,33,2,13,20,23,18,14,32,15,21,37,33,33,13,17,36,29,28,17,32,37,25,18,24,19,16,19,13,8,34,32,17,24,22,29,17,36,18,35,36,27,14,15,36,15,15,12,33,12,12,12,23,16,8,37,19,36,35,15,37,10,3,37,23,16,24,18,13,35,25,36,30,24,18,14,22,26,35,35,34,17,34,21,24,19,13,20,13,37,17,15,12,14,15,21,36,28,11,33,20,14,15,24,13,13,12,18,16,19,36,20,37,27,26,18,31,26,20,21,36,22,36,37,12,34,16,13,18,13,20,2,25,31,36,36,18,19,17,36,29,15,20,9,27,34,36,19,20,37,15,18,12,30,19,27,13,36,16,37,19,20,15,16,37,21,31,23,18,18,15,23,36,14,19,36,11,27,37,20,14,18,11,25,37,36,32,12,22,25,37,36,25,37,18,20,14,23,20,14,27,18,19,31,22,14,20,36,17,10,14,37,22,21,35,36,11,11,19,12,27,34,19,15,20,19,19,35,20,13,13,18,35,15,15,21,12,23,11,18,17,19,21,12,33,13,13,20,9,32,35,23,35,20,34,18,27,10,8,16,26,18,22,21,14,16,37,3,21,30,35,22,20,37,31,21,13,12,20,23,13,14,34,33,35,28,16,7,16,27,15,12,15,18,17,14,18,13,21,15,15,13,15,33,36,11,23,24,19,17,34,21,12,16,31,19,36,36,10,36,24,22,17,21,11,18,37,21,36,18,16,17,18,29,33,13,14,10,9,5,19,33,12,13,18,20,17,18,17,16,17,21,22,11,15,13,16,35,16,25,24,10,33,18,18,17,13,9,15,19,15,10,17,19,35,21,36,21,19,25,37,37,16,11,19,9,33,14,15,18,12,15,31,22,17,10,7,6,22,13,24,22,20,20,11,12,24,25,35,11,26,12,3,23,9,36,20,29,26,21,20,17,19,36,37,35,31,18,19,13,18,19,16,13,12,32,4,15,25,33,23,18,34,24,19,11,37,36,18,32,21,37,23,14,26,11,17,19,21,20,15,19,28,33,22,36,16,36,21,13,22,20,16,12,20,19,17,25,20,32,25,35,23,14,20,21,34,33,28,14,16,18,31,34,36,12,15,36,34,30,30,21,14,13,21,36,13,23,20,28,9,30,35,34,3,36,36,12,27,13,20,22,11,12,18,13,13,21,18,22,30,14,10,31,22,32,25,23,35,30,10,20,33,32,13,31,8,21,19,30,9,13,15,26,28,18,11,30,11,6,23,19,6,13,12,17,13,20,21,16,36,37,32,31,19,16,17,20,21,22,15,18,21,18,23,22,21,22,22,13,33,36,13,37,32,15,21,17,16,14,17,3,22,13,18,12,27,19,11,17,36,7,16,23,17,27,24,35,25,30,12,37,29,32,24,34,34,23,11,31,14,6,16,13,21,15,16,18,10,21,34,20,19,21,19,32,35,37,35,32,30,36,13,24,34,24,28,36,32,13,36,15,16,18,30,30,23,34,34,30,22,22,37,35,35,9,12,14,21,18,13,37,23,23,28,16,29,18,25,18,29,10,33,17,37,19,17,33,36,29,19,16,12,34,18
bortezomib,1,1,1,1,2,3,4,4,4,6,3,1,4,6,1,3,1,5,6,1,3,8,5,1,1,4,1,1,2,1,1,1,1,5,5,3,5,4,3,2,3,1,7,2,1,4,2,3,2,2,3,5,5,1,4,4,1,1,4,4,5,3,3,3,1,3,1,5,6,3,5,3,2,3,5,2,3,3,4,1,5,6,5,2,2,1,5,4,3,3,1,5,5,5,2,2,1,1,3,3,4,4,3,4,2,5,4,2,4,9,8,1,4,7,1,1,6,4,3,3,5,6,5,4,1,3,2,5,4,3,1,4,3,1,5,5,4,3,6,1,1,2,1,4,3,4,4,2,3,1,4,1,5,3,5,4,3,7,5,4,3,2,1,1,3,4,4,1,1,1,1,4,6,5,3,8,6,3,2,5,5,4,5,1,3,4,4,1,3,3,1,7,5,1,1,3,4,4,3,3,5,2,4,2,4,3,5,1,5,5,1,4,1,5,5,4,6,4,4,4,2,4,5,3,1,2,3,4,4,4,4,4,4,5,4,4,3,5,5,4,3,3,3,1,5,4,1,9,1,1,4,4,3,3,1,1,3,4,5,3,4,4,4,5,4,4,2,5,3,1,4,4,5,3,3,1,1,3,5,3,3,4,1,5,4,1,6,3,2,1,4,5,5,4,5,3,4,1,1,1,4,4,4,1,5,4,1,5,4,2,1,3,1,4,4,5,3,4,3,1,3,5,3,1,1,1,1,4,6,4,3,1,4,1,4,4,4,3,5,5,4,4,4,4,4,1,4,1,4,4,1,1,4,3,2,3,3,5,6,4,2,4,7,3,1,3,6,1,1,4,1,4,2,1,4,1,1,2,4,3,1,2,3,4,4,1,2,3,3,5,4,1,1,4,4,1,4,5,2,3,5,1,4,6,4,4,1,4,6,3,1,5,2,4,4,3,5,3,3,1,6,5,4,4,4,3,3,4,3,4,3,4,4,4,1,3,3,4,4,4,4,4,5,5,4,4,4,3,5,4,4,4,3,1,3,3,6,3,4,1,4,4,5,1,4,4,5,2,6,6,4,3,3,5,2,3,4,4,4,1,1,1,1,1,3,4,4,4,4,5,4,3,3,1,6,4,5,4,4,1,1,1,6,3,3,4,1,4,2,4,4,3,3,1,7,3,6,1,3,5,1,1,5,3,4,4,5,34,1,4,4,1,6,3,4,4,1,1,1,4,3,4,5,3,1,3,3,5,3,6,4,1,5,4,2,3,4,5,3,5,3,3,5,1,1,3,4,4,3,6,1,1,4,1,5,4,3,4,1,2,2,1,5,5,5,4,3,1,2,4,1,3,5,6,3,3,2,1,1,1,1,4,4,4,4,3,6,1,3,3,2,5,3,3,2,3,1,5,1,6,5,1,3,2,3,8,1,3,3,4,5,1,6,1,4,1,3,5,6,5,3,2,1,1,1,1,2,1,3,2,4,4,4,4,2,4,1,1,3,3,1,4,1,2,1,5,5,1,1,5,5,5,4,3,6,3,4,3,3,3,7,1,1,4,4,4,2,7,4,3,3,4,3,2,1,1,1,1,1,1,2,2,1,1,3,2,2,1,1,1,1,3,2,1,3,1,4,1,1,3,9,1,2,1,4,3,2,5,1,3,3,4,4,1,1,4,1,1,1,2,1,5,5,4,3,1,1,1,4,4,1,5,1,4,1,1,1,6,1,2,3,3,1,1,2,1,2,1,2,3,1,6,5,4,3,4,1,3,1,2,4,3,4,1,4,1,1,1,4,1,6,1,3,2,1,5
bosutinib,18,19,23,22,17,23,14,29,23,10,27,29,14,17,19,16,24,21,21,16,13,21,27,23,32,27,24,18,16,13,18,18,27,24,28,20,22,33,19,30,20,15,31,19,16,16,22,26,25,28,21,21,31,18,31,16,29,20,31,18,23,15,26,32,19,17,21,14,20,25,22,19,21,8,21,15,18,3,22,18,13,32,26,27,24,26,24,22,22,20,16,22,18,18,13,23,29,31,23,20,21,29,25,28,20,18,29,21,20,18,23,20,26,18,30,13,28,21,20,19,26,28,20,19,19,15,13,23,17,25,17,12,15,23,33,15,28,14,31,26,30,28,25,22,18,25,27,16,15,19,33,21,23,3,11,16,23,18,14,19,19,17,15,27,32,17,16,25,28,18,19,28,16,20,26,17,23,33,23,30,13,23,27,20,16,20,33,19,30,23,31,31,24,29,26,30,20,24,19,23,17,21,31,23,21,13,15,19,16,28,18,23,25,13,21,20,17,19,21,22,27,33,18,14,32,15,27,22,20,24,15,23,29,30,21,16,28,19,16,19,18,32,19,29,17,25,13,18,28,27,30,16,16,20,30,22,17,14,19,19,26,21,13,11,26,17,20,21,18,26,17,34,27,18,19,21,32,27,21,19,21,21,28,21,18,22,32,20,29,16,26,19,23,27,16,27,29,23,30,18,22,18,18,17,16,16,29,19,33,31,25,30,22,18,33,29,26,21,17,19,19,19,23,23,23,19,27,28,20,18,15,23,18,28,33,30,23,29,15,26,17,28,19,30,24,23,19,20,24,20,15,16,17,20,24,18,20,18,21,25,20,14,31,24,28,16,16,27,29,21,26,16,26,24,17,18,17,30,22,19,21,17,23,28,20,16,15,28,18,27,20,23,23,21,26,24,22,19,30,23,32,14,13,32,12,22,23,16,19,21,14,20,17,22,16,18,20,25,22,19,24,31,16,21,30,22,23,18,18,30,33,22,16,20,25,19,21,21,29,20,21,32,32,20,29,22,18,31,12,17,16,23,31,19,21,14,27,21,16,13,20,13,29,25,12,21,17,18,19,18,21,25,24,20,32,26,19,12,16,24,24,18,28,21,29,20,18,20,21,20,18,14,21,25,13,22,19,18,28,18,22,19,22,3,16,17,26,20,26,27,18,13,14,21,29,28,29,25,21,15,24,26,23,20,19,21,21,4,23,16,18,29,22,19,20,27,19,19,24,20,14,9,24,18,24,19,16,17,18,18,29,16,18,20,16,28,25,19,15,20,14,14,15,25,22,23,10,12,19,17,28,18,11,22,20,16,16,19,26,17,23,18,31,14,25,19,22,21,19,28,26,20,17,23,20,17,17,23,29,33,17,17,27,20,17,3,27,26,12,17,22,14,18,18,19,14,28,24,25,26,20,23,25,19,24,23,19,14,24,27,17,20,12,14,22,21,26,23,27,12,19,23,18,13,25,29,31,22,15,32,23,17,24,20,29,32,14,28,17,23,25,28,11,17,32,22,25,23,14,17,18,17,12,29,17,17,17,17,21,20,22,18,18,33,11,17,27,25,18,31,19,15,3,25,28,21,19,29,31,27,12,28,29,26,20,14,14,31,23,20,28,21,19,28,15,17,12,21,30,24,18,18,19,24,26,14,25,20,20,24,14,12,13,23,28,16,19,16,22,19,20,27,14,18,29,10,27,20,32,19,17,21,25,15,19,22,24,30,29,14,22,28,27,21,16,16,32,24,26,18,21,20,17,14,16,12,18,17,20,15,19,14,30,17,12,25,24,21,18,26,21,27,33,18,30,23
cabozantinib,27,30,8,27,28,24,32,35,28,28,24,24,28,25,31,30,26,31,29,33,33,25,28,25,27,16,16,28,18,35,28,25,6,28,27,34,18,21,24,25,34,27,18,20,25,24,27,24,34,20,22,35,25,28,29,23,33,27,30,30,18,17,18,27,30,35,29,26,26,20,28,27,36,26,18,32,21,37,19,14,28,15,22,28,22,18,23,32,21,31,24,32,26,33,13,27,36,33,36,19,32,13,21,12,23,34,35,31,35,19,27,26,33,32,21,36,18,20,26,26,22,33,25,12,21,34,24,32,24,22,20,32,16,12,22,23,21,29,36,35,26,26,30,29,20,24,26,26,34,26,25,31,34,3,20,21,22,36,29,33,33,27,35,29,35,31,27,6,16,22,25,21,30,14,30,33,29,25,30,22,33,19,14,23,29,22,22,33,15,33,19,26,29,22,34,36,33,30,22,19,21,18,21,21,34,21,28,32,21,33,33,18,23,28,12,26,31,35,29,25,26,22,21,33,21,32,19,36,27,26,34,17,17,32,36,29,20,35,31,34,15,24,26,36,34,28,29,33,24,35,19,34,27,26,33,35,32,26,28,34,20,33,36,33,34,23,15,22,31,33,27,22,11,34,22,28,19,20,32,32,18,20,21,34,33,29,31,22,25,31,30,35,24,22,30,21,35,33,18,25,34,26,29,31,30,33,24,28,23,20,19,21,26,21,36,24,27,30,29,34,32,22,22,26,32,30,31,21,26,31,29,37,36,36,21,31,21,33,18,29,24,24,34,33,27,33,21,34,23,30,32,31,35,19,20,33,34,32,20,30,34,36,33,27,33,26,31,21,30,26,25,22,31,29,20,33,25,23,28,29,24,30,33,32,36,32,35,26,33,28,35,19,31,37,20,22,34,24,19,31,34,35,34,29,28,23,26,34,33,26,24,15,29,33,36,21,30,18,35,24,27,22,28,27,32,30,21,23,22,35,24,29,35,21,27,21,19,20,35,36,29,18,34,33,31,32,26,23,34,27,29,32,34,31,34,32,35,36,30,19,28,36,35,24,27,32,35,19,29,30,19,32,20,22,34,23,34,22,31,23,23,35,23,27,31,27,36,32,24,28,29,30,25,18,32,34,23,22,17,20,28,21,36,37,35,26,24,17,22,31,23,31,22,20,25,33,16,21,31,33,14,30,27,27,27,28,30,37,22,24,21,24,34,22,35,26,15,18,15,28,28,33,19,22,30,35,22,24,23,24,8,22,21,36,14,32,19,36,33,34,35,27,27,37,29,22,30,21,24,24,34,23,31,32,34,30,27,37,22,25,34,23,13,19,26,34,27,24,15,17,29,33,23,28,28,27,23,22,17,23,29,24,23,17,18,37,16,33,12,20,28,24,31,23,28,19,27,16,24,24,24,25,21,29,17,30,29,24,21,32,32,21,30,34,30,30,22,27,19,28,27,18,28,34,29,27,26,30,28,22,30,18,35,35,31,18,32,22,29,19,36,18,31,33,26,26,32,27,22,20,26,25,27,19,20,33,27,30,28,28,20,20,31,25,33,36,25,26,32,36,24,25,37,11,25,28,28,34,21,30,20,32,25,25,27,36,23,10,33,18,17,23,22,27,27,35,31,27,17,26,29,28,21,27,36,35,31,23,30,22,30,35,28,30,27,30,29,18,17,29,31,22,27,29,19,24,32,26,26,24,35,22,26,21,34,18,15,24,21,23,21,21,32,25,21,16,24,25,8,27,25,33,34,20,28,26,25,21,22,27,33,33,24,16,29,33,32,24,21,22,23,25,19,34,19,35
cisplatin,23,14,32,21,24,19,19,21,24,30,30,33,22,20,20,23,32,27,32,25,20,24,23,28,30,23,26,23,32,24,33,21,30,22,19,24,27,20,30,20,21,20,22,30,21,19,24,29,27,32,34,25,20,24,22,27,18,22,21,20,25,24,20,21,20,24,20,24,32,23,20,32,22,24,23,24,29,3,31,34,17,31,33,25,23,31,19,14,23,16,35,30,21,25,13,21,28,21,27,26,23,24,20,29,29,21,23,19,19,22,20,25,19,27,31,28,22,30,27,22,25,21,28,32,25,19,20,27,23,27,34,34,31,21,21,20,24,22,22,24,25,15,22,21,26,33,34,25,22,28,34,24,21,3,25,29,18,35,24,21,32,29,16,33,17,33,29,31,29,34,23,26,24,21,22,22,24,19,22,15,35,26,23,24,21,25,28,24,31,19,29,13,21,30,23,19,22,23,26,33,27,22,30,18,20,22,20,17,30,18,28,34,28,27,30,21,20,18,20,28,23,23,27,20,30,27,24,24,22,29,19,24,30,21,25,20,35,21,26,22,28,34,22,22,20,24,35,22,26,24,23,26,22,19,21,21,20,18,27,9,22,18,25,15,21,22,28,29,16,32,31,24,30,25,32,21,20,26,24,21,28,24,30,17,20,33,18,24,12,28,22,18,26,21,21,31,23,27,20,35,17,21,21,24,32,25,21,21,24,22,30,29,21,22,19,31,23,24,25,23,21,24,21,31,30,16,30,30,27,17,20,25,24,23,15,17,26,23,30,21,20,20,21,23,32,26,20,22,22,19,27,33,26,27,30,31,24,25,34,18,35,20,23,23,30,20,26,15,19,19,29,34,21,26,19,19,33,14,32,21,29,21,20,24,26,21,20,20,15,23,27,28,28,20,29,29,21,35,22,20,20,21,28,19,33,25,31,21,22,20,30,19,19,18,13,33,32,28,19,25,12,20,26,22,21,19,35,28,29,20,22,18,29,31,19,24,30,23,17,22,27,27,23,26,23,25,21,28,13,25,24,26,15,24,20,15,23,16,24,20,29,23,15,33,30,31,26,29,27,23,20,31,32,21,33,28,33,20,23,31,26,22,29,18,20,23,25,24,28,23,23,29,28,33,23,16,29,29,27,19,26,28,31,3,29,27,17,26,23,23,22,22,29,24,26,23,30,20,16,22,17,24,26,21,28,26,22,4,20,27,20,31,35,25,23,35,33,27,34,24,22,27,31,19,29,22,24,2,34,23,31,34,28,21,23,21,22,20,17,15,24,19,31,26,34,21,35,32,29,21,33,21,20,26,22,24,26,23,23,27,20,31,33,24,21,20,15,30,24,30,22,21,18,32,21,30,26,19,34,21,19,22,21,19,23,3,26,25,12,18,24,28,23,19,18,20,30,18,17,22,10,18,20,25,26,14,25,20,20,30,16,19,25,30,23,22,32,31,18,24,20,22,27,24,31,22,23,18,20,27,18,31,21,24,35,31,21,24,23,28,19,21,32,26,24,33,21,28,24,32,27,27,33,22,26,22,20,18,16,17,18,16,28,22,15,21,24,28,21,21,21,27,3,31,29,29,26,19,34,26,35,27,30,28,25,23,24,22,16,22,26,24,26,24,20,25,24,29,35,27,19,21,28,23,18,30,19,26,29,26,24,24,22,32,30,29,24,32,21,31,33,36,25,21,25,25,26,23,20,30,19,33,24,24,28,37,31,18,22,21,23,24,18,33,26,25,22,27,28,23,32,24,19,21,22,22,29,32,31,24,20,18,26,34,34,29,18,27,27,28,27,24,29,28,35,24
crizotinib,26,27,25,30,25,28,22,27,25,22,22,23,24,28,29,25,25,24,27,11,24,26,24,27,29,25,22,27,22,26,26,34,20,26,22,25,28,27,25,29,23,23,23,17,27,22,18,28,28,22,28,23,23,29,25,24,21,33,24,23,21,19,28,24,26,22,30,20,29,29,25,23,25,19,25,23,22,3,23,23,23,26,17,19,28,21,25,25,25,23,21,25,22,23,13,12,25,27,11,21,24,22,22,21,26,22,26,20,23,33,25,23,22,28,28,22,24,24,28,11,23,22,22,21,28,24,26,24,21,23,19,22,18,6,27,27,26,26,24,23,24,19,27,26,27,29,23,32,30,29,29,20,25,2,32,26,25,22,20,24,26,28,22,26,28,25,23,29,17,23,29,24,28,29,24,29,25,22,24,23,25,21,25,29,23,24,26,26,25,28,24,24,26,26,28,28,25,27,23,26,23,22,26,30,22,25,22,26,22,26,22,31,27,21,19,23,29,25,26,23,31,27,26,24,26,23,22,25,23,27,21,26,23,24,26,21,24,23,28,23,27,25,23,26,22,26,25,25,20,22,20,23,24,23,26,24,24,21,24,30,24,23,21,20,29,24,19,24,20,27,23,29,22,23,23,32,27,23,28,23,22,22,22,22,26,21,26,25,28,29,24,23,28,23,26,29,21,29,23,29,23,22,23,30,26,23,18,24,30,25,20,25,25,23,29,26,24,25,21,30,22,25,25,24,25,29,26,25,24,25,23,10,25,33,24,21,25,30,24,24,21,22,24,25,25,27,24,29,25,24,21,27,24,27,25,25,25,20,25,23,21,25,24,25,21,23,23,26,21,22,19,18,29,23,22,20,20,21,24,22,22,27,24,26,30,25,23,24,24,25,29,24,27,27,24,21,25,31,28,24,28,28,23,31,26,20,22,20,23,23,22,21,24,23,27,26,26,27,24,20,25,25,24,23,24,23,26,24,23,24,29,25,23,25,30,25,24,24,31,26,24,25,27,23,27,23,23,25,22,22,22,21,25,27,27,29,25,23,25,32,23,25,27,26,26,24,23,21,25,26,22,28,27,24,25,21,28,27,24,27,21,25,26,23,26,21,28,27,26,25,24,22,19,13,25,23,26,25,21,26,25,20,26,3,24,23,26,27,16,28,24,23,23,28,22,22,25,26,24,25,27,19,24,26,23,24,23,4,30,22,22,21,24,23,21,29,22,24,21,26,20,25,22,24,26,24,26,24,25,26,22,26,25,23,30,24,23,26,29,24,23,24,21,31,27,27,24,22,22,25,25,22,22,12,24,25,23,24,21,31,26,33,23,21,22,27,23,26,25,26,24,23,24,30,23,23,19,25,28,22,31,26,19,23,21,3,21,28,36,22,26,25,25,30,27,28,19,33,18,25,33,22,29,23,32,31,26,30,25,29,23,30,26,28,24,31,30,28,22,21,29,29,30,30,24,25,28,27,22,21,26,27,25,22,19,23,29,27,25,24,27,23,28,16,17,24,28,25,27,24,24,23,25,23,23,25,24,24,24,24,28,30,21,26,22,23,22,29,23,29,25,23,3,24,22,25,30,22,23,29,24,26,23,29,27,30,16,27,27,30,24,26,27,21,23,23,21,26,20,32,24,25,29,26,31,22,27,25,23,28,25,22,23,22,24,23,27,22,9,23,16,35,22,23,26,31,21,29,28,22,23,27,28,25,29,27,20,28,25,25,18,27,26,30,29,34,31,23,27,24,24,22,22,18,24,23,28,22,25,28,24,20,29,25,24,24,25,29,24,24,24,31,30,24,25,26
cytarabine,16,4,22,14,7,11,8,13,15,14,11,18,15,15,25,14,16,17,16,18,11,20,13,15,15,13,8,8,17,11,20,13,29,17,9,13,19,14,11,6,11,10,5,14,17,13,20,11,17,11,26,10,15,8,23,11,22,12,13,13,16,11,27,11,6,12,15,16,21,19,12,14,13,13,14,16,11,3,18,19,7,21,28,14,15,23,17,12,13,11,13,9,12,12,13,15,21,20,19,17,12,17,13,17,13,9,16,12,13,14,24,11,9,20,27,21,12,10,14,12,13,12,16,14,9,13,18,14,10,19,15,19,14,17,16,10,17,13,11,16,20,11,16,14,11,15,13,11,9,18,12,12,14,3,13,15,12,30,15,17,16,24,13,31,13,21,15,21,19,27,12,14,25,12,18,18,16,12,10,9,20,18,12,19,10,11,18,12,20,14,14,10,12,16,12,9,12,6,11,18,20,13,16,9,10,10,12,24,11,13,17,24,21,10,7,11,16,13,17,11,12,15,13,11,15,14,9,14,17,13,8,20,12,15,13,11,12,14,20,11,22,13,16,17,11,17,23,12,19,13,8,14,13,12,17,12,19,17,20,16,16,32,14,14,17,15,22,13,17,28,19,15,13,15,14,14,13,13,19,11,17,15,11,6,16,16,11,16,15,12,12,11,13,12,11,16,10,12,17,15,14,15,10,14,19,14,23,10,21,21,23,19,12,15,17,12,11,14,15,29,14,12,13,8,17,11,12,13,16,13,14,14,12,12,11,16,22,14,23,11,16,8,11,11,18,17,12,14,11,12,14,25,11,12,18,12,19,13,22,16,22,11,13,8,19,17,19,22,9,13,18,10,10,15,18,17,32,10,6,15,20,13,11,11,19,12,11,17,12,11,13,27,12,11,17,19,12,17,16,10,15,17,14,18,14,18,28,25,21,9,20,17,12,11,11,20,16,24,11,18,16,18,13,14,17,14,30,12,25,11,16,11,19,19,12,13,17,13,11,16,13,13,12,16,15,14,10,19,11,11,19,11,14,18,15,11,13,14,13,10,16,12,20,18,14,13,12,11,10,11,10,8,18,11,19,12,17,13,18,14,12,13,16,10,16,14,13,19,13,13,10,19,14,19,12,18,11,16,15,10,16,15,18,3,17,11,6,15,13,16,20,11,11,11,16,16,21,22,11,11,11,29,13,9,17,17,4,4,16,8,12,12,19,18,17,33,28,21,26,10,15,12,21,17,15,11,20,5,22,12,16,24,8,13,8,14,18,11,12,10,12,11,28,14,19,13,23,28,18,10,21,17,19,14,10,18,10,15,10,12,11,8,16,10,16,14,10,17,12,18,14,10,8,12,12,10,13,28,22,11,12,14,12,11,16,3,17,17,12,12,14,23,12,10,13,11,17,17,10,13,13,21,19,14,20,13,16,13,14,13,11,14,11,20,12,15,11,17,12,11,10,20,11,8,18,12,13,17,18,13,13,12,10,14,30,17,12,17,10,13,28,22,26,20,14,23,18,31,12,15,11,12,16,12,22,9,10,11,10,10,15,12,19,11,14,11,14,15,12,17,13,18,3,16,20,13,20,12,30,15,15,12,21,13,14,10,11,12,12,12,19,10,16,13,11,15,16,20,26,18,10,12,9,20,11,13,11,12,21,32,17,9,12,25,14,13,12,21,15,13,13,34,16,15,18,18,17,12,19,12,10,11,12,9,15,15,28,11,19,19,11,15,12,18,11,23,10,13,24,16,8,27,11,11,14,13,23,16,23,17,10,16,16,19,28,19,13,31,15,10,19,17,17,21,12,13
dactolisib,8,9,13,9,4,5,6,8,7,5,2,6,7,7,6,11,6,9,4,9,9,11,10,11,5,8,12,11,9,5,11,9,15,7,1,4,8,9,8,12,5,9,17,13,3,7,7,7,10,9,8,12,4,10,3,8,3,8,8,7,6,9,7,8,10,6,3,1,9,7,8,5,8,6,10,7,2,3,7,3,4,4,7,7,10,6,3,9,5,7,6,7,4,7,5,8,18,10,10,13,6,14,2,6,9,8,8,5,6,7,9,6,6,13,14,7,5,5,2,7,9,3,7,7,11,8,4,3,5,8,12,7,8,4,6,4,7,7,10,7,9,8,11,6,10,7,5,8,6,9,9,5,8,3,6,12,8,3,12,3,5,8,9,6,4,1,8,12,3,8,17,8,7,4,9,9,10,8,7,19,6,10,8,8,8,9,6,8,7,8,7,9,7,9,7,7,2,9,5,2,9,2,7,8,8,8,4,5,10,7,6,6,9,4,6,7,3,7,9,3,10,8,9,10,7,6,5,7,9,7,3,6,8,4,7,6,8,4,6,9,5,9,8,8,6,3,6,10,5,6,7,9,7,6,7,6,6,9,9,6,9,6,5,7,9,7,8,10,8,17,5,8,9,5,9,9,9,6,9,7,5,2,9,7,7,8,12,8,3,7,9,7,9,6,3,7,7,6,4,9,7,7,6,7,9,2,7,9,8,6,11,2,8,8,10,10,8,8,6,9,4,8,6,6,8,8,9,11,9,7,5,9,8,8,8,8,10,7,14,7,2,11,8,3,7,5,7,9,7,6,3,3,8,3,8,6,8,4,9,6,4,8,2,9,7,8,5,7,10,5,8,11,6,8,8,8,6,7,13,2,9,9,8,6,8,10,9,7,2,6,6,8,7,8,8,9,3,10,6,9,9,8,8,7,9,9,8,7,2,7,7,8,8,9,3,6,13,6,4,7,9,9,8,9,10,8,9,9,6,7,10,9,10,13,11,9,8,9,8,9,10,7,6,7,8,8,11,8,2,8,1,6,8,6,8,9,8,5,8,7,10,8,8,5,10,3,8,5,8,7,2,7,7,8,7,10,7,8,7,11,9,6,7,7,7,7,7,11,8,8,9,8,10,9,10,7,9,9,7,3,10,10,3,3,8,1,4,4,6,9,8,7,9,9,8,7,15,8,7,7,9,8,7,12,8,9,8,1,6,9,8,13,4,9,8,6,18,6,7,7,4,11,7,7,9,8,8,5,7,7,7,8,7,6,6,10,6,10,11,8,6,8,2,7,8,8,5,3,7,9,3,2,6,7,8,3,5,7,7,6,8,3,7,8,7,3,8,5,4,6,4,7,9,7,8,9,8,10,9,7,5,8,9,5,6,3,7,8,3,7,9,9,6,9,8,5,7,7,8,9,6,3,6,8,4,7,6,9,7,6,9,6,8,5,7,6,10,4,9,10,6,10,7,5,8,13,7,6,12,9,10,8,11,12,6,11,6,10,4,4,12,8,4,4,6,8,8,9,6,4,9,16,9,6,2,8,2,7,4,2,9,8,5,10,3,6,6,9,7,7,7,7,3,13,11,9,10,8,8,6,7,6,11,6,8,7,10,8,5,7,6,7,6,4,8,8,7,9,3,9,6,11,5,10,8,9,7,6,15,12,10,5,10,9,8,5,11,6,6,8,4,8,4,10,9,7,8,10,5,7,8,7,9,8,5,7,13,10,10,8,6,9,5,6,6,3,8,9,15,8,9,21,4,6,7,8,10,6,7,8,7,8,7,9,5,5,10,5,8,8,8,10,2,5,8,8
dasatinib,25,22,20,12,13,18,17,17,14,16,14,16,16,23,14,17,8,15,15,22,15,7,16,7,23,15,27,15,13,18,12,22,14,30,13,15,15,15,15,17,13,24,13,4,13,15,14,23,21,18,17,15,12,19,15,15,28,11,17,14,14,21,19,16,15,16,5,15,2,32,14,13,14,15,11,26,16,3,12,4,15,12,14,22,9,17,14,16,14,14,27,14,15,16,13,26,16,11,26,12,14,16,14,15,14,15,15,15,14,17,13,16,16,24,11,30,20,13,13,18,14,13,14,16,10,14,27,16,16,4,3,13,2,26,14,14,14,16,15,8,7,9,13,16,14,16,15,24,18,23,17,22,14,37,21,13,14,16,16,14,15,4,26,19,19,14,18,19,24,4,13,17,14,26,15,23,14,16,12,14,22,13,16,25,18,17,14,21,13,17,16,15,22,7,13,14,15,13,16,13,15,13,15,26,14,15,19,25,3,15,24,15,11,15,15,15,18,15,14,13,6,14,16,17,12,24,13,12,15,16,18,13,14,13,17,14,16,16,7,15,25,14,14,7,13,15,28,16,16,18,14,13,14,14,5,23,16,16,12,23,14,16,17,23,15,12,1,20,14,10,16,16,16,17,24,14,5,14,17,15,14,13,15,13,24,13,15,13,16,9,15,15,16,14,12,12,16,11,15,7,16,13,13,12,14,15,11,13,15,14,6,15,18,14,16,18,14,15,13,7,16,14,16,15,18,10,22,17,17,15,16,31,17,10,18,15,16,19,17,15,15,13,13,14,13,21,14,10,16,16,24,28,12,12,13,17,14,15,14,17,24,15,11,14,23,14,7,4,24,14,17,15,17,20,14,24,24,12,15,14,6,24,14,17,15,13,16,15,16,16,17,14,8,16,15,18,14,16,12,14,16,23,16,14,17,14,20,22,11,16,16,14,14,16,14,15,12,22,14,16,14,14,14,13,14,13,16,16,16,16,13,16,13,15,6,16,14,14,15,15,15,14,14,17,17,13,14,13,16,18,15,15,17,9,14,23,22,17,14,18,13,16,17,20,13,14,15,27,15,16,16,17,21,17,16,25,14,21,17,9,14,15,11,13,14,16,16,14,25,16,15,12,8,26,15,19,16,14,14,24,17,3,14,3,14,15,19,13,7,12,15,15,13,17,24,19,14,14,15,21,25,25,14,8,15,15,16,4,9,13,13,19,14,12,16,23,17,14,19,16,16,17,14,14,7,15,15,5,13,14,19,4,14,14,22,17,13,15,20,16,18,15,12,10,21,26,14,16,12,14,18,16,15,28,16,14,12,13,13,16,9,15,12,26,14,15,20,23,23,22,8,16,19,15,16,16,25,14,3,13,10,15,15,16,13,3,13,6,2,16,21,16,14,31,16,26,4,23,27,20,29,9,27,15,27,16,11,26,16,20,14,7,14,24,14,12,17,19,15,15,14,7,3,12,9,11,25,2,16,8,17,15,13,18,22,7,13,9,15,14,17,14,13,12,20,15,13,14,18,13,13,13,13,14,15,13,13,16,15,14,23,7,17,16,13,15,10,16,15,15,15,14,3,27,10,15,11,10,25,21,22,14,24,24,15,20,1,14,10,4,14,15,11,14,19,12,13,8,10,8,21,30,24,17,9,17,20,15,22,16,19,14,14,12,20,15,9,13,8,28,19,13,21,16,12,14,7,27,14,15,11,12,27,14,17,2,17,26,13,17,25,14,16,15,23,12,23,6,22,14,15,12,16,17,15,15,14,20,17,18,15,17,18,5,15,6,8,3,6,14,25,16,25,17,15,14
docetaxel,3,8,6,2,1,1,3,1,3,1,1,5,1,1,4,2,3,2,3,2,1,2,2,10,7,1,5,3,6,3,4,2,8,4,3,1,2,1,1,1,1,8,3,6,4,1,1,4,7,1,2,2,2,4,1,1,8,2,2,1,1,1,5,2,5,1,7,10,7,2,2,1,1,1,1,3,1,3,1,5,2,1,6,3,1,2,2,1,1,1,4,2,2,1,5,3,3,2,6,1,1,1,1,2,3,2,2,3,1,1,2,2,1,3,2,3,1,1,8,1,2,5,1,1,3,1,1,2,1,1,5,1,7,2,1,1,1,2,1,5,2,1,5,1,7,1,1,3,2,6,2,2,3,3,2,1,1,4,1,6,1,5,2,4,1,2,1,8,4,5,2,1,2,2,3,3,1,1,1,1,2,2,1,4,2,1,3,4,2,1,3,1,1,3,2,1,9,2,1,7,1,2,3,1,2,2,2,3,4,1,2,2,3,1,1,2,2,2,1,1,1,1,1,1,2,4,1,2,1,1,1,2,1,1,1,1,2,2,1,1,4,2,1,2,1,1,2,2,2,4,1,1,2,1,4,3,1,3,1,2,1,1,2,1,1,1,4,3,1,4,1,2,1,1,4,4,2,1,3,1,1,1,3,2,1,5,1,1,4,2,1,1,1,1,4,2,2,2,2,5,1,3,1,3,2,1,2,2,3,1,3,1,6,1,2,4,1,1,1,2,1,2,5,4,6,2,3,2,1,1,4,4,1,4,1,1,1,4,2,1,1,3,1,2,1,2,1,2,1,3,2,2,1,3,3,1,1,2,2,1,8,1,1,1,2,1,2,2,2,1,5,2,1,6,1,5,4,1,1,1,4,1,1,1,1,3,1,2,1,1,1,6,2,1,2,2,1,3,3,1,3,5,1,5,1,2,5,2,5,2,3,2,1,1,1,1,2,5,1,3,1,1,1,1,1,2,2,1,2,1,2,1,2,3,3,1,1,1,3,1,2,1,1,1,1,1,3,2,1,1,6,1,1,2,1,2,3,1,1,3,1,1,1,4,1,1,1,3,3,2,1,1,2,1,6,1,2,1,1,5,11,4,3,6,1,1,3,3,5,1,1,2,1,3,1,1,1,3,1,2,4,6,1,3,2,5,3,4,3,1,1,1,1,3,1,4,3,4,1,1,2,6,1,1,3,1,1,4,2,1,1,2,2,1,1,2,4,5,4,1,2,1,1,1,2,1,1,5,2,1,1,5,1,1,12,1,1,1,2,1,1,1,1,4,3,1,3,1,1,3,2,5,1,4,1,1,1,1,4,3,1,4,1,2,1,1,1,4,1,1,2,1,1,8,1,1,4,6,4,4,3,1,1,1,1,3,2,3,3,1,1,1,1,1,3,1,3,1,2,2,1,3,5,1,2,2,2,1,2,2,2,4,1,2,1,2,2,3,2,4,1,3,4,3,3,2,4,3,1,5,2,2,1,2,5,1,2,7,2,1,4,2,3,1,3,1,2,4,2,3,1,1,1,2,1,2,8,1,2,6,1,3,2,1,1,1,1,2,3,1,1,1,3,6,8,6,3,2,5,4,4,1,5,5,4,3,6,2,2,2,2,1,1,2,1,3,1,3,6,1,5,3,10,5,1,1,4,2,6,4,1,1,1,5,6,3,7,4,2,4,2,1,2,1,2,5,2,4,1,1,2,4,3,1,2,12,3,1,3,1,1,1,2,2,1,3,1,3,5,1,5,1,2,1,1,1,5,5,3,3,1,1,1,4,3,2,5,4,1,5,3,6,5,1,2,1
doxorubicin,9,10,14,10,15,9,11,7,10,9,9,15,11,5,9,7,12,8,11,10,7,6,8,6,11,9,9,10,15,9,14,5,11,9,12,9,11,7,9,10,12,11,4,11,2,8,9,10,8,7,9,11,8,7,9,10,5,7,7,10,8,10,9,7,7,8,10,9,18,11,10,9,9,10,9,10,12,3,11,10,11,14,13,9,7,16,18,7,11,8,15,10,11,9,11,9,7,8,9,10,10,9,9,13,11,10,10,13,10,10,6,10,12,14,8,10,11,11,11,9,7,11,10,15,13,9,8,10,9,9,16,8,17,11,10,11,8,8,8,10,8,7,8,8,15,10,10,9,13,10,8,14,9,3,10,7,11,8,6,7,9,9,10,10,10,9,6,11,12,9,8,6,8,8,10,6,8,9,8,7,10,7,11,10,9,7,7,10,12,7,6,8,8,10,8,6,7,11,10,15,7,9,6,11,9,9,11,9,12,10,16,11,8,14,11,8,8,8,10,10,8,10,10,5,11,13,12,13,7,9,14,12,11,10,10,9,6,9,9,14,19,11,11,9,10,18,16,8,11,10,11,10,8,9,8,8,9,8,21,8,10,9,10,9,7,8,9,9,9,7,9,7,10,13,10,7,8,10,8,9,11,11,8,11,12,12,9,10,8,11,10,9,8,10,10,13,9,8,10,14,8,9,14,10,13,8,9,7,7,8,8,9,10,9,5,7,9,10,10,6,10,10,10,11,9,7,8,10,8,8,11,6,9,11,9,11,7,9,8,8,8,12,10,10,8,8,8,7,9,13,10,11,10,9,10,9,6,11,7,9,11,9,10,12,8,11,3,12,6,11,9,9,9,10,10,10,8,9,8,13,12,8,10,9,9,9,10,12,11,9,8,5,10,7,6,11,8,7,10,8,8,10,9,9,8,12,7,13,10,11,10,6,9,8,9,8,8,13,10,10,7,8,9,8,8,7,8,7,8,6,8,10,9,7,7,8,7,7,7,8,7,9,13,10,10,7,8,9,9,7,10,9,5,11,7,7,2,9,6,11,12,9,7,10,8,16,9,10,7,3,8,9,11,4,8,11,11,11,10,13,6,8,8,9,8,12,9,6,9,11,6,13,12,12,8,6,7,8,8,11,6,14,9,3,12,13,14,2,11,14,9,9,10,10,10,11,4,11,10,10,7,9,8,7,12,8,11,4,7,7,11,7,9,10,7,7,12,9,8,9,9,8,8,10,8,9,10,3,16,9,12,14,9,9,9,6,11,8,7,7,10,7,10,6,6,6,11,9,8,8,10,11,12,9,7,9,11,9,12,9,10,12,8,9,8,7,7,9,16,9,10,9,6,9,9,8,9,8,14,8,11,10,5,10,7,3,11,10,3,9,7,8,9,6,6,10,10,6,9,7,17,11,7,7,11,6,12,10,8,9,7,11,9,17,10,7,9,13,7,9,9,6,12,10,11,8,8,9,6,7,7,11,8,7,7,8,8,6,11,12,7,9,21,13,9,13,10,6,9,10,8,8,10,9,8,11,16,10,9,16,5,11,7,7,10,10,9,8,9,12,8,12,3,14,9,10,7,6,6,8,10,11,6,10,10,11,9,11,8,10,11,8,8,10,9,10,11,10,11,10,12,9,12,7,7,10,9,10,5,6,8,11,6,10,10,10,13,17,12,11,6,10,13,8,7,17,9,9,9,10,9,10,11,12,11,11,12,5,8,7,10,8,10,13,8,10,6,16,11,10,11,8,8,12,10,7,8,11,9,11,9,11,6,14,9,14,11,9,16,12,7,7,13,8,9,11
erlotinib,32,18,28,26,20,27,27,23,31,24,32,26,29,33,32,27,14,28,25,28,23,27,29,36,35,30,29,26,30,28,31,36,33,25,30,23,26,29,27,28,25,28,29,31,28,26,30,30,26,27,24,28,28,27,33,29,26,28,28,25,29,34,25,30,28,26,12,29,13,33,24,28,27,23,29,30,27,3,28,15,26,28,25,32,17,24,30,28,29,25,31,27,25,27,3,31,11,17,32,28,28,28,27,27,25,27,30,26,26,31,30,30,25,29,23,29,29,28,28,31,30,25,29,28,32,23,21,28,27,28,30,27,29,29,30,22,29,24,27,27,21,31,28,24,30,28,31,28,28,30,31,26,25,3,30,31,30,26,25,28,24,22,17,32,21,28,26,28,31,14,28,27,26,30,28,28,31,29,31,29,31,28,32,28,28,29,25,28,29,24,34,29,31,17,16,24,26,26,27,30,28,22,32,31,24,29,25,28,29,23,25,26,33,25,25,28,28,27,25,29,24,32,28,28,28,25,28,28,28,30,23,28,31,27,23,25,32,24,29,26,29,29,27,28,25,31,30,26,23,28,26,28,26,28,24,28,26,28,30,28,30,26,24,25,24,27,27,30,25,19,26,32,28,26,30,34,28,29,27,27,29,30,25,27,22,19,26,29,26,24,28,22,30,29,24,14,25,28,27,26,27,27,26,18,24,27,19,29,29,29,18,24,28,28,25,32,31,28,24,8,28,28,29,25,27,33,29,31,29,28,27,33,22,16,27,26,30,28,26,30,26,29,28,22,30,15,27,21,30,27,26,8,27,27,31,28,28,24,28,27,17,23,27,29,26,28,15,34,28,28,31,29,23,28,25,28,23,29,27,26,8,25,27,29,22,27,25,29,27,30,21,26,25,23,28,26,24,33,25,28,24,30,27,28,25,29,24,27,26,27,25,26,27,27,22,29,24,26,25,29,30,29,31,28,26,26,29,29,28,26,31,27,20,29,29,28,29,30,23,24,26,28,22,25,25,30,29,30,25,26,27,28,24,14,24,31,24,22,28,28,27,28,25,28,24,27,27,23,30,28,29,22,22,27,24,27,24,29,26,29,31,27,30,29,24,26,26,22,29,30,30,26,26,27,28,28,28,28,29,25,33,31,24,3,27,29,21,27,17,33,28,27,28,29,19,24,28,24,27,26,30,31,31,29,26,29,26,4,29,28,25,26,28,28,25,28,25,24,23,31,24,24,29,30,17,28,28,24,29,30,32,25,31,25,32,27,28,27,25,26,25,30,25,20,32,30,24,27,27,30,29,27,25,35,28,27,28,26,28,20,31,30,29,28,29,22,33,32,29,33,26,27,28,25,27,28,31,26,20,25,24,29,28,28,28,3,30,16,12,28,16,30,30,24,26,35,18,31,30,31,25,36,33,24,25,26,9,32,30,25,27,31,28,29,27,29,28,34,29,27,31,26,25,16,19,16,21,10,27,24,27,29,29,29,33,24,28,32,27,31,26,30,12,24,34,30,24,32,29,28,29,28,24,30,28,27,29,27,29,29,29,22,25,29,19,25,16,30,27,24,28,28,3,26,27,32,15,30,35,36,31,21,31,30,31,27,32,21,21,26,25,29,13,17,26,30,25,23,25,21,34,26,32,25,28,25,23,28,26,29,28,25,26,27,29,26,28,27,27,27,21,33,29,27,28,22,23,33,24,27,28,32,29,31,30,34,29,19,30,24,31,17,23,28,31,37,28,28,35,29,27,26,24,27,29,29,26,31,27,34,27,24,28,29,26,21,29,6,26,23,30,29,31,26,21,28
etoposide,17,21,26,15,30,32,28,11,18,27,16,25,26,14,22,19,15,12,19,19,12,17,14,16,16,14,20,17,27,14,22,10,25,14,31,35,30,18,20,19,22,13,33,21,35,32,35,14,14,15,14,17,16,12,19,17,16,9,15,19,24,16,32,13,11,20,27,28,12,18,17,17,15,27,12,22,36,3,20,30,21,29,24,12,18,35,20,11,20,17,22,17,36,22,35,13,17,19,12,36,18,32,36,36,19,29,18,35,15,23,17,24,30,19,16,23,17,19,12,15,16,36,18,31,17,18,12,13,26,17,24,21,28,20,36,37,19,12,17,17,17,35,10,30,28,12,21,21,37,21,13,35,17,3,36,22,17,32,35,12,34,18,33,16,16,18,11,20,18,33,31,18,17,36,13,21,19,18,15,10,24,36,19,27,12,16,12,17,22,20,18,20,16,24,14,21,21,18,20,29,34,35,19,24,16,24,17,12,23,36,34,30,18,37,35,14,36,12,16,21,25,18,29,12,20,35,35,23,13,15,35,22,26,17,14,26,13,32,24,18,35,16,28,19,21,19,21,15,31,36,27,15,12,16,12,33,22,11,17,36,23,17,32,17,19,20,32,16,35,30,18,19,17,20,20,33,34,22,16,18,20,29,32,35,35,32,20,19,17,19,18,20,15,17,28,26,22,15,32,19,12,24,34,26,22,18,22,23,16,16,13,36,14,26,18,11,19,19,20,24,27,20,17,30,19,18,13,18,14,23,25,15,13,13,16,35,11,16,21,16,35,34,12,31,20,22,16,8,14,33,25,34,22,24,19,15,18,36,30,19,33,21,21,20,20,22,36,18,20,16,14,17,15,17,34,16,34,13,12,25,28,11,19,14,27,14,19,18,21,17,24,21,19,12,11,35,13,21,32,12,10,15,22,21,24,36,12,33,28,15,21,32,21,12,19,22,11,33,20,27,18,11,23,11,12,16,18,15,12,13,15,19,18,18,15,17,18,15,14,19,11,20,33,14,16,12,16,15,19,13,18,18,20,36,11,24,12,18,15,29,36,14,14,23,18,36,19,31,21,19,32,23,33,10,15,17,25,24,19,17,15,10,12,15,15,32,19,12,14,21,14,33,17,17,17,14,15,15,33,23,14,25,15,3,20,22,35,20,27,17,17,18,25,15,18,10,34,17,13,23,10,16,19,14,16,13,36,4,24,18,27,36,30,17,14,15,14,32,22,18,30,14,16,21,19,14,18,17,17,19,21,13,20,16,28,16,15,13,34,12,16,20,19,22,20,14,19,19,14,19,19,34,36,13,13,20,20,22,31,29,13,27,36,16,31,30,21,12,34,25,31,19,16,16,17,15,14,17,27,14,13,21,36,18,27,3,35,14,12,26,10,17,20,13,15,31,29,15,11,17,21,25,10,11,22,19,33,22,12,22,26,25,19,36,19,18,24,16,20,35,23,14,22,26,23,30,15,28,33,20,19,25,12,17,11,14,15,18,20,22,14,19,35,36,11,19,19,11,23,19,21,21,21,20,19,20,18,19,18,18,10,26,32,12,36,14,26,21,20,19,16,21,3,20,17,19,14,31,13,19,23,23,15,22,19,18,15,26,36,29,31,14,35,35,18,32,32,19,32,19,25,17,20,12,12,18,13,13,28,11,15,27,17,17,13,19,17,30,29,22,30,20,32,17,11,29,19,18,33,18,15,25,14,22,25,24,19,22,12,13,17,12,25,29,33,16,16,22,20,20,22,18,31,32,20,17,12,28,13,21,11,27,20,18,17,20,14,28,36,21,13,14,23,19,23,16
fulvestrant,36,35,35,36,35,31,34,32,36,31,34,36,33,31,36,34,30,35,36,36,35,33,32,29,28,22,36,36,36,36,36,32,32,36,36,29,21,34,36,33,33,36,36,34,37,36,33,32,36,24,30,33,36,35,24,35,37,30,33,31,35,29,36,36,36,32,36,33,35,27,35,30,24,25,36,34,30,3,35,33,33,33,34,37,36,34,35,36,34,28,36,28,31,28,13,29,19,36,37,34,34,36,34,31,36,33,31,28,32,36,36,33,28,34,22,27,36,37,35,36,32,35,34,34,36,28,36,36,32,26,36,25,36,37,31,29,35,37,34,36,34,36,35,33,36,19,22,34,26,36,27,34,33,3,31,36,31,19,28,35,18,36,31,34,37,35,33,36,36,36,36,36,35,23,36,36,27,35,34,34,29,30,36,36,34,31,31,35,36,36,28,33,35,35,33,23,28,33,35,36,35,22,23,33,35,34,33,36,36,35,36,33,37,20,26,34,32,34,35,33,29,35,36,36,34,33,32,34,36,35,22,31,36,31,34,31,29,29,36,36,34,35,31,33,36,36,36,32,35,33,33,31,30,30,32,31,35,36,36,35,34,28,29,32,33,36,30,28,36,21,36,23,34,32,36,25,26,35,26,28,30,31,24,28,28,34,30,34,36,32,36,26,34,26,35,34,33,32,35,34,33,33,30,34,35,22,31,36,37,35,37,33,33,33,23,35,36,36,26,31,24,31,34,33,36,34,36,34,32,36,30,35,32,30,32,32,35,36,29,32,33,36,26,37,35,35,33,36,36,31,36,35,33,27,36,36,36,23,32,33,32,32,34,36,31,35,35,36,34,35,34,21,36,36,35,36,35,33,35,35,36,36,36,33,33,34,29,37,29,13,36,33,33,33,37,31,32,26,36,27,35,29,32,35,35,34,36,31,17,34,34,36,33,29,35,28,33,34,37,34,34,34,30,33,35,31,36,30,36,32,36,37,30,36,36,35,31,36,25,25,36,35,24,35,35,27,28,37,31,31,35,35,28,22,37,27,34,32,31,36,33,33,36,35,32,22,31,26,36,36,17,36,16,32,28,34,18,25,36,36,36,30,33,36,32,36,30,35,36,33,28,36,31,36,30,33,34,36,36,36,30,30,34,3,36,34,20,36,32,25,33,33,31,35,35,35,31,36,29,34,35,33,33,36,35,36,34,4,34,34,29,32,32,27,31,30,35,34,35,30,36,35,33,29,35,36,35,36,35,35,34,36,29,32,35,34,29,29,24,35,36,29,36,33,30,32,37,29,36,28,36,36,30,34,32,34,30,31,36,33,36,35,35,34,28,33,31,36,26,23,36,18,34,22,26,35,37,36,33,27,35,35,34,34,36,3,25,31,12,36,34,35,33,32,35,34,32,27,35,34,36,31,36,33,36,32,36,37,36,31,31,34,36,27,36,34,36,36,35,36,36,34,32,27,35,36,36,34,34,34,36,34,31,21,36,35,36,35,34,35,35,27,33,34,33,36,33,29,32,34,32,22,30,36,35,35,36,31,36,34,31,28,34,36,31,33,34,36,33,33,34,36,3,35,36,36,33,25,33,32,36,34,36,36,37,35,36,29,25,35,36,34,33,36,34,28,33,35,33,31,30,31,35,36,34,29,35,36,37,36,37,28,36,35,34,36,36,36,35,34,28,28,35,36,32,28,33,36,34,33,34,34,35,35,36,25,36,34,31,27,34,35,35,32,34,27,37,31,37,31,36,32,30,26,32,35,37,36,36,30,36,32,33,36,23,34,34,36,35,35,26,37,36,36,29,32
gefitinib,19,15,19,18,16,17,23,16,12,12,19,13,10,11,23,12,13,19,17,13,19,18,15,22,14,20,25,21,19,20,19,24,26,20,14,16,16,25,18,22,17,18,21,27,10,18,16,18,19,16,19,22,17,26,18,12,20,18,16,12,15,26,17,23,22,21,16,12,24,17,15,20,16,12,19,13,17,3,14,20,22,17,20,21,25,13,15,20,16,19,25,23,20,13,13,22,12,15,15,18,13,20,12,18,21,19,14,17,11,13,14,21,17,16,17,19,14,12,17,25,19,16,17,20,23,21,15,20,20,14,22,14,20,13,18,12,16,17,20,13,15,23,17,18,19,23,14,12,16,15,22,15,18,3,14,18,21,14,9,16,14,10,11,15,20,8,17,27,20,16,15,15,20,16,16,11,13,31,21,16,18,15,20,18,26,27,16,15,17,13,20,22,20,20,20,20,16,16,15,17,14,16,18,17,18,20,16,18,19,12,14,16,19,8,14,17,7,24,22,12,16,19,11,22,19,8,20,11,11,22,16,16,25,22,12,12,17,12,14,8,10,22,17,20,19,13,7,17,12,20,18,12,17,18,18,18,12,24,8,17,17,14,11,8,16,13,23,23,15,15,14,21,20,16,15,19,12,17,22,17,16,14,20,15,9,15,17,17,19,22,19,16,21,16,17,9,12,24,21,20,18,19,15,15,11,12,14,14,20,15,21,20,24,16,12,22,17,16,8,16,11,21,24,17,13,25,18,22,22,22,12,21,16,14,17,14,19,17,11,19,10,19,16,15,17,13,13,17,20,26,13,12,15,16,11,23,13,14,15,14,15,12,17,17,16,21,13,25,15,12,20,24,22,16,12,13,9,24,23,10,16,16,18,22,14,23,13,22,14,18,16,17,22,17,13,10,16,12,18,18,23,13,15,16,19,15,14,17,14,18,15,18,11,14,23,13,22,19,17,17,13,19,11,19,22,11,15,13,17,18,19,12,14,16,23,15,11,22,12,18,14,19,20,13,22,19,25,18,17,20,14,20,19,13,16,21,20,15,20,24,18,11,19,14,22,11,10,22,24,22,14,16,12,14,20,13,13,16,12,18,22,17,20,20,19,15,14,16,19,15,11,7,15,22,24,12,22,19,20,14,21,23,13,3,22,21,11,18,19,24,13,14,12,23,11,17,12,15,22,20,15,15,18,19,20,23,15,4,25,17,16,14,16,15,10,13,16,16,16,21,18,20,12,12,16,21,14,17,15,11,17,19,23,17,26,15,21,24,13,17,19,16,6,19,17,15,18,11,11,18,15,15,7,20,17,17,15,17,18,15,19,20,19,15,15,13,17,14,18,14,16,14,11,19,14,11,20,20,30,15,16,13,17,22,25,3,14,21,12,25,17,11,24,25,21,22,22,25,23,14,15,18,16,21,13,20,14,18,17,17,20,18,23,16,9,26,19,21,17,23,17,25,16,11,17,18,16,23,10,28,21,19,17,19,17,25,25,20,18,20,11,17,5,15,19,14,17,16,13,8,15,9,7,18,21,16,15,12,17,13,16,14,13,23,18,20,17,19,14,20,20,13,3,21,15,12,18,17,18,20,13,13,18,17,21,19,17,19,19,17,18,22,23,18,17,13,8,12,16,13,14,20,15,19,17,12,21,19,14,21,12,10,11,14,19,18,21,15,19,17,14,14,12,11,15,11,16,17,12,21,25,18,18,20,16,31,10,15,17,12,20,19,14,20,15,25,21,19,18,19,19,10,18,13,11,9,19,12,15,16,22,10,27,20,21,18,17,16,13,18,15,22,15,13,20,17
gemcitabine,6,2,2,3,9,7,9,2,2,2,5,12,6,2,8,1,7,4,9,3,4,12,4,4,6,5,7,6,4,7,5,6,7,1,8,8,6,6,4,3,10,4,2,8,8,6,13,1,5,6,4,4,1,6,2,7,6,6,1,3,11,4,6,1,2,7,4,7,10,6,7,2,3,9,13,9,9,3,10,2,3,11,10,6,4,11,1,3,7,4,11,12,9,11,5,7,8,6,4,8,7,5,5,11,6,3,6,6,3,6,1,3,8,15,6,8,4,7,7,4,4,14,8,8,7,7,7,9,8,7,11,6,12,5,11,9,2,1,4,9,5,6,7,5,6,11,9,6,5,5,5,9,2,3,7,9,4,9,8,8,10,6,7,8,5,10,3,9,2,11,3,5,3,13,8,4,3,2,5,3,12,1,4,6,5,5,2,5,5,2,9,3,4,5,3,5,1,5,8,1,4,10,10,4,7,6,7,7,2,9,9,10,6,11,10,3,10,3,7,8,5,5,3,4,6,12,10,10,3,5,6,1,10,9,2,8,1,8,11,3,13,5,5,6,9,5,10,1,10,8,25,5,6,4,11,10,7,5,4,11,5,8,7,4,5,3,7,4,13,5,10,1,2,4,6,11,7,8,4,6,13,10,7,8,11,7,3,6,5,8,5,4,3,8,7,10,1,3,9,12,2,10,11,8,7,9,8,3,6,3,10,11,9,6,1,6,6,2,7,15,5,4,2,9,4,3,6,5,2,6,2,2,3,3,6,5,2,5,6,3,14,6,7,7,6,9,5,6,2,11,5,14,6,1,9,5,7,10,13,8,13,7,9,6,10,9,10,3,8,2,2,5,7,5,9,2,14,6,10,8,10,10,2,8,3,7,6,6,4,8,7,7,6,6,3,6,5,9,8,2,4,3,7,2,6,11,6,9,12,1,6,10,4,2,8,2,10,10,8,9,2,3,7,6,3,5,5,5,4,8,7,7,8,2,8,6,5,5,6,2,3,8,8,8,6,2,1,6,10,2,8,14,4,10,2,4,5,6,7,5,7,5,4,9,3,8,6,6,2,10,7,6,13,2,4,4,8,6,8,8,4,2,5,5,6,5,5,2,3,2,8,5,7,8,2,8,2,6,10,6,5,8,8,3,4,2,5,1,9,7,2,2,6,7,5,12,5,6,5,8,3,4,6,2,7,5,14,4,11,5,10,8,12,4,6,5,5,10,5,3,8,2,9,4,5,5,7,1,4,3,2,9,6,7,3,2,10,2,9,2,7,6,11,12,7,5,8,7,4,1,9,8,10,6,2,12,9,8,8,8,6,11,11,6,10,11,5,8,11,7,9,5,2,4,2,7,5,3,7,5,2,11,10,8,12,3,10,11,3,6,6,12,7,2,1,9,2,4,5,4,8,3,1,3,7,1,10,4,1,7,12,2,3,11,13,3,6,7,3,6,8,1,2,2,5,7,3,5,5,4,8,6,5,9,3,9,9,5,1,2,8,7,14,9,8,3,3,5,7,2,2,7,3,4,3,1,3,2,5,5,2,10,4,5,8,8,5,3,10,2,4,5,3,8,2,3,4,9,3,9,9,7,3,3,9,8,7,5,11,5,12,4,10,8,7,9,14,5,9,6,2,5,1,4,2,7,1,1,4,5,5,7,8,7,4,8,4,12,14,5,8,4,8,5,6,8,5,6,8,2,5,9,7,5,13,10,6,3,5,6,8,4,6,8,12,3,4,2,3,7,4,3,9,8,2,6,2,9,8,9,5,7,12,10,10,12,2,20,9,2,4,2,10,7,5,7
gsk1059615,12,17,16,11,12,12,16,14,11,16,18,10,19,16,18,20,2,16,12,14,18,14,19,18,12,17,15,16,24,16,16,12,10,10,11,14,14,17,14,11,6,16,12,16,18,17,8,17,13,13,11,9,14,15,10,13,15,15,19,11,12,13,8,16,14,13,22,13,16,12,11,12,11,16,4,12,8,2,8,12,14,5,12,10,13,7,11,13,12,10,10,11,17,14,13,19,6,14,13,11,9,12,16,9,17,12,12,18,16,5,11,12,11,10,10,15,9,15,16,17,15,9,14,18,15,12,19,11,11,15,18,9,23,34,4,13,18,21,19,15,11,22,9,15,21,9,19,15,14,13,19,3,16,3,18,10,10,13,22,10,11,12,12,9,12,13,19,17,13,15,18,12,12,18,17,15,12,17,14,12,11,16,13,14,15,12,10,14,14,18,12,12,6,14,11,10,19,17,36,11,13,8,11,12,12,15,13,11,18,16,12,13,12,18,28,25,11,22,11,13,14,12,12,26,13,11,11,16,15,14,25,3,5,11,32,23,15,20,18,17,20,7,15,13,14,12,12,36,13,9,9,7,19,11,15,9,15,12,18,27,13,13,16,37,13,9,17,15,4,8,11,11,26,12,11,23,14,18,10,12,12,5,14,13,32,11,7,11,10,14,20,14,14,13,9,8,13,13,15,13,11,11,7,19,8,13,13,16,13,10,16,7,16,13,13,14,13,11,12,17,15,11,15,10,11,17,17,16,18,21,24,22,34,15,22,12,12,18,16,14,12,9,22,12,11,10,17,11,21,18,12,13,12,10,15,10,12,9,11,10,12,17,8,10,12,4,14,14,16,7,11,27,12,11,15,14,15,11,18,11,15,22,13,12,11,18,12,10,30,10,18,12,24,14,19,14,17,18,11,13,12,16,18,11,13,5,15,12,9,14,9,11,18,25,14,16,6,11,9,15,11,13,20,10,13,10,7,11,13,21,17,21,7,17,18,14,13,8,30,11,17,10,10,21,14,9,12,7,24,15,11,19,18,12,13,17,11,11,12,16,5,16,23,12,11,10,20,14,14,14,36,12,6,29,13,8,10,26,22,16,13,11,13,14,11,8,11,18,17,18,22,10,11,28,22,15,13,13,11,12,15,17,11,1,9,14,25,14,20,22,10,12,16,12,13,9,17,7,17,6,12,13,11,11,10,11,13,3,10,10,9,5,8,7,11,8,7,11,9,22,12,13,10,9,11,12,13,5,11,13,15,17,13,10,4,11,8,12,10,13,33,18,16,11,13,7,16,10,9,13,11,10,15,19,18,11,17,10,30,13,12,17,3,20,12,12,9,13,10,8,15,25,36,11,10,22,16,16,11,12,18,16,15,15,11,2,4,12,12,15,8,19,13,15,10,7,14,11,12,11,11,13,12,13,12,12,20,12,13,11,10,15,13,6,11,14,12,14,11,15,13,16,17,17,10,9,11,13,16,19,20,9,9,15,10,13,11,8,13,9,5,14,6,14,13,11,12,12,3,12,12,14,14,13,11,10,11,14,13,11,6,25,11,14,16,13,12,10,16,8,12,9,2,17,18,17,9,36,11,13,21,4,12,15,11,15,22,13,13,13,13,16,9,9,13,14,10,15,7,16,11,16,11,14,16,11,18,11,12,8,18,17,16,13,18,12,15,14,13,14,11,9,15,19,14,9,11,14,11,14,18,14,17,19,8,19,4,4,7,10,9,6,9,10,13,32,15,11,25,13,16,5,15,36,17,18,15,10,14,14,17,5,17,11,13,7,12,14,11,15,12,18,11,10,14,9
imatinib,30,31,33,32,29,26,31,26,28,33,31,27,31,27,30,31,33,29,29,27,29,32,30,19,25,28,28,31,12,29,29,29,16,34,29,30,23,26,29,26,29,30,27,9,26,27,26,34,29,25,25,32,27,32,29,28,25,31,27,29,28,30,23,28,31,30,32,31,28,31,27,31,32,28,28,28,28,3,27,31,30,20,29,29,30,27,29,30,28,29,30,29,28,32,13,33,26,24,30,27,31,27,26,25,30,26,32,24,31,26,27,28,27,30,19,32,25,27,28,30,29,29,30,26,30,30,31,29,28,30,13,33,10,30,26,26,25,28,30,29,29,29,26,28,17,27,30,30,31,27,24,25,25,35,23,28,29,21,30,32,29,30,27,18,23,30,28,30,21,26,30,25,30,27,29,30,28,27,27,27,34,27,29,30,30,30,24,25,27,27,21,26,28,31,27,27,29,29,29,28,31,22,28,25,31,28,27,21,14,29,26,27,30,31,24,29,23,30,30,30,32,29,30,31,24,19,26,33,30,31,27,25,27,28,29,30,23,27,25,31,26,27,29,27,27,28,18,34,21,25,24,33,29,31,29,19,30,29,29,25,29,30,30,29,25,29,11,31,30,24,29,28,21,30,21,13,30,28,30,30,27,27,29,31,27,26,24,30,32,33,29,28,31,28,27,23,28,30,26,32,26,30,31,32,28,30,27,30,27,27,32,23,30,30,27,25,27,30,30,28,29,29,28,28,28,32,34,29,30,29,28,32,29,31,26,27,29,31,28,27,28,27,31,24,27,27,28,30,29,28,28,30,30,27,28,29,32,29,27,28,29,29,28,27,27,30,24,32,27,29,30,30,30,27,27,27,21,31,29,28,30,31,29,30,25,31,32,26,31,31,26,31,32,31,27,16,30,30,27,30,26,27,29,27,29,30,27,19,29,28,28,25,30,28,30,30,28,7,30,28,27,27,32,30,27,27,28,31,30,29,26,29,32,30,32,29,28,29,26,32,31,23,26,30,26,28,30,29,29,29,30,30,27,26,29,30,29,30,29,25,30,32,31,29,28,29,30,30,28,31,26,26,26,28,27,24,32,28,29,30,32,29,32,30,25,29,32,26,20,29,31,32,29,31,31,30,30,30,26,27,32,11,29,3,31,30,23,27,30,20,29,29,32,30,28,26,23,27,28,27,28,27,27,30,30,31,27,4,31,29,26,28,31,29,28,16,24,20,25,28,26,30,26,28,31,32,30,24,31,29,26,27,30,30,29,29,27,32,30,30,29,31,30,27,26,29,30,30,31,29,22,26,28,36,31,30,31,29,27,23,30,29,26,27,30,26,26,33,30,21,25,29,29,26,29,29,29,33,21,32,32,30,26,27,29,3,24,27,37,29,31,29,28,26,30,24,33,29,31,28,27,15,24,32,19,24,24,27,29,28,28,32,31,26,28,28,27,25,26,29,28,31,29,21,22,26,27,31,31,30,27,30,28,31,24,30,31,23,29,27,30,26,23,22,35,26,27,30,28,27,28,31,31,26,27,30,28,29,27,27,30,32,23,28,28,29,31,26,30,28,29,30,3,28,31,31,35,15,22,33,16,24,28,27,30,32,30,28,26,23,27,30,29,25,28,30,29,25,27,28,28,33,30,32,29,32,30,29,24,20,31,33,28,29,31,30,31,25,23,25,27,23,28,30,23,30,29,19,22,29,29,31,30,29,24,14,27,20,27,29,29,25,29,24,25,9,25,35,29,28,33,30,28,29,30,30,31,30,29,33,30,28,24,30,29,15,26,30,19,27,32,33,22,31,28,30
lapatinib,31,32,30,29,22,30,30,25,31,32,33,28,32,32,26,32,18,34,25,26,31,28,31,35,34,32,31,30,31,27,30,28,34,32,32,28,31,30,31,27,28,29,30,32,31,30,29,36,30,23,27,31,30,33,33,30,27,29,29,32,32,28,22,29,32,26,18,32,31,35,29,33,29,31,31,29,31,3,32,16,31,30,30,33,20,20,30,29,31,32,28,31,30,30,4,32,24,26,28,29,30,30,29,30,28,27,33,25,30,29,31,27,29,22,26,18,27,31,28,29,31,24,31,30,29,32,32,30,31,29,31,30,35,25,29,18,33,30,29,28,19,30,34,31,31,32,33,29,24,31,31,28,25,3,27,30,32,26,31,31,28,20,24,24,25,27,30,32,27,24,27,22,26,24,31,26,31,30,31,31,31,29,31,31,31,32,29,27,32,26,35,29,30,19,17,26,32,31,32,31,32,22,33,29,30,29,30,23,32,25,27,19,31,30,29,31,27,31,31,31,21,30,31,29,25,28,29,31,31,32,26,30,33,29,28,32,32,26,27,26,24,31,30,21,29,31,32,26,25,23,28,32,32,32,25,29,29,30,30,29,33,27,28,27,28,31,26,34,29,28,32,33,32,31,28,8,18,31,33,31,34,33,33,30,25,27,26,32,33,26,31,30,32,33,29,15,25,31,28,31,27,32,28,25,29,29,17,31,28,33,24,28,27,31,28,28,31,28,31,13,30,32,32,29,24,26,24,32,34,32,31,34,28,24,29,25,32,25,32,30,31,30,30,29,30,18,30,12,31,29,23,7,31,27,31,30,31,28,31,29,25,28,30,29,25,29,22,29,23,31,22,32,28,25,29,29,5,25,30,31,7,28,28,31,24,28,31,29,32,32,25,29,26,25,30,23,31,33,23,32,27,32,30,30,32,32,29,26,31,30,23,31,27,30,28,32,31,23,29,23,30,30,33,32,31,28,31,32,32,28,28,27,31,32,26,31,33,31,27,31,32,30,29,31,30,30,33,32,27,30,31,31,29,17,30,22,31,27,32,30,32,30,30,27,31,28,27,28,30,28,29,27,9,30,29,30,30,23,32,22,28,26,25,28,28,30,31,25,30,31,33,31,24,29,28,29,31,32,31,28,31,32,28,3,28,32,18,27,25,34,30,27,33,31,23,25,27,30,30,24,34,28,32,28,34,32,28,4,28,30,30,25,27,31,30,25,27,23,27,31,29,29,30,30,12,30,32,24,29,30,32,29,31,29,31,31,31,30,28,28,28,33,25,34,33,28,24,34,33,30,30,28,25,31,33,27,28,28,25,18,28,32,30,30,32,24,30,31,27,31,13,31,31,29,31,32,33,30,31,29,21,32,31,31,30,3,30,29,12,31,18,30,29,34,24,30,24,26,29,30,30,29,30,26,29,26,13,31,31,24,29,29,28,25,29,24,25,29,28,31,24,30,21,14,28,24,19,16,29,26,27,32,29,29,27,26,26,26,27,31,23,32,17,24,25,30,30,8,25,28,30,33,34,31,28,27,29,27,29,29,24,27,27,30,26,28,13,32,31,27,31,32,3,32,26,27,17,26,26,25,28,25,26,31,31,34,31,20,22,19,23,31,12,19,31,29,28,6,24,22,32,29,34,28,25,34,29,31,25,31,33,31,32,28,32,26,30,28,32,26,17,21,24,31,31,20,28,32,21,31,27,26,31,32,32,35,26,31,24,28,31,29,21,31,24,36,29,34,32,29,31,31,27,31,31,32,34,26,30,35,31,30,31,27,26,22,28,13,25,29,31,32,26,30,26,31
lenalidomide,28,28,34,35,32,35,29,34,33,25,35,32,35,37,35,35,35,37,22,35,34,36,33,37,37,36,35,33,35,34,35,30,36,31,35,33,33,36,33,35,31,32,35,36,36,33,34,33,35,35,35,30,33,36,35,34,34,36,35,35,34,32,35,31,29,29,33,30,34,34,34,36,31,35,35,18,33,3,36,32,34,36,35,30,34,32,32,31,35,34,32,36,35,31,13,35,35,29,31,33,29,34,33,34,35,36,37,32,33,32,35,35,35,23,34,35,31,34,28,35,35,27,35,35,35,35,35,35,35,35,29,24,32,28,23,32,36,34,33,21,35,32,36,34,32,36,35,35,21,25,36,30,32,3,33,34,37,34,34,26,31,35,32,35,36,24,35,33,35,32,33,33,21,31,34,25,36,36,37,36,15,33,24,35,36,35,36,29,35,32,30,36,34,36,32,35,36,36,34,35,22,22,36,34,33,31,36,29,31,30,31,35,35,23,34,36,30,36,36,26,36,24,33,32,36,26,30,30,34,33,33,36,35,35,35,36,36,34,32,30,23,36,32,35,35,35,26,30,33,30,35,30,36,29,36,26,27,27,34,33,36,29,33,24,35,35,34,35,28,35,33,36,36,35,35,31,29,36,36,35,36,34,35,24,29,35,36,36,35,36,33,36,36,36,36,35,31,36,33,36,35,36,19,36,31,31,35,33,32,36,33,35,35,29,37,36,35,34,34,27,34,36,36,22,34,36,32,33,36,35,35,26,35,32,36,28,34,34,34,36,34,31,33,36,33,31,34,35,32,35,35,24,36,27,33,35,27,31,35,31,31,30,36,35,34,25,27,31,35,33,32,36,35,32,32,32,26,37,34,33,33,29,31,36,35,30,34,33,34,33,33,36,36,29,35,34,36,25,35,35,36,31,35,36,36,28,34,28,34,36,33,34,37,35,34,36,34,32,33,35,35,35,29,34,36,35,33,36,35,34,27,33,34,35,35,36,36,35,36,34,35,36,35,34,36,35,31,36,28,35,33,33,36,34,36,35,28,34,36,35,35,31,34,31,36,23,36,35,35,32,35,34,30,35,35,35,31,32,34,32,35,32,35,34,36,34,33,30,31,36,36,28,35,35,34,31,32,35,35,31,36,36,35,3,30,36,32,27,31,36,35,36,35,34,33,34,18,34,36,31,32,36,35,34,36,35,31,4,36,35,34,34,21,36,36,36,31,22,33,34,35,32,35,35,33,33,36,24,28,33,28,32,35,35,27,35,35,34,27,29,34,35,32,28,36,36,29,35,34,35,35,33,29,30,37,29,32,36,34,32,35,36,32,23,37,31,35,27,31,35,34,35,33,36,35,33,30,35,35,34,33,34,35,36,33,3,34,32,12,35,29,34,36,36,34,36,36,36,36,36,32,31,35,34,33,34,28,34,32,36,34,36,32,35,35,33,33,35,34,32,33,32,36,36,34,33,35,33,25,35,34,35,34,37,28,36,34,29,36,34,32,35,20,29,30,35,36,35,35,35,35,36,36,35,36,34,32,34,34,35,35,34,29,35,35,30,36,35,34,35,32,35,3,30,30,33,32,35,37,35,30,33,34,33,16,25,33,35,29,34,32,37,30,34,36,26,26,33,36,35,23,32,31,37,33,36,34,35,34,27,34,29,35,34,25,33,33,33,33,32,35,24,26,35,35,16,35,31,25,36,30,35,32,27,27,36,25,32,35,32,35,33,34,26,36,27,34,30,30,35,29,35,25,33,34,31,33,25,32,29,35,36,36,35,35,32,36,33,31,34,35,34,24,32,36,36
methotrexate,7,3,5,17,14,15,18,15,8,15,17,8,12,9,11,9,17,18,10,7,16,9,12,13,8,11,11,9,8,10,13,8,21,8,15,11,13,12,10,9,9,7,16,12,7,10,11,11,9,10,12,20,18,11,11,19,10,17,9,15,13,18,2,19,9,15,14,22,11,8,16,16,12,17,16,8,13,3,17,17,20,13,11,13,19,10,10,17,17,12,12,16,7,15,11,4,13,12,7,7,16,8,7,20,7,16,7,9,5,11,7,14,13,11,9,9,8,17,10,16,17,17,11,10,18,16,10,18,13,12,8,11,6,15,12,16,12,19,9,11,16,13,18,11,12,18,8,7,8,8,11,11,12,3,4,8,13,11,13,15,13,16,6,7,11,11,13,10,8,12,11,11,10,6,7,7,11,26,17,17,8,12,9,9,19,10,17,6,11,15,10,14,11,18,15,11,8,19,9,14,11,13,12,10,15,12,10,14,8,11,13,7,15,12,17,18,9,9,15,17,17,9,15,9,14,7,18,15,10,10,11,18,18,14,11,10,11,11,10,13,8,18,9,16,16,8,11,11,9,13,15,17,18,17,14,12,10,20,14,5,12,11,12,19,12,16,18,8,10,11,7,10,19,9,5,14,15,12,13,13,15,9,13,12,6,9,14,18,9,18,11,13,10,15,14,17,11,21,5,11,15,17,12,13,18,10,12,17,9,9,22,16,2,17,9,8,12,3,9,10,9,18,9,13,2,13,11,8,11,9,9,11,14,19,13,9,9,15,10,18,11,17,18,13,15,12,10,15,17,17,7,9,21,12,7,11,15,12,16,12,9,16,18,13,6,15,9,20,11,15,13,20,18,7,6,7,11,20,20,17,17,3,16,10,13,11,17,9,7,14,12,9,18,13,12,7,15,8,9,17,18,4,10,13,18,7,9,5,13,12,13,13,13,10,18,17,15,8,15,6,10,15,10,16,16,17,12,19,9,12,18,13,15,9,16,10,9,12,10,14,8,15,15,12,19,18,19,12,20,19,12,12,12,20,17,10,13,12,10,6,11,18,12,8,15,12,11,7,9,8,12,10,14,13,14,6,16,10,11,2,7,19,14,8,9,11,17,15,12,9,19,9,13,7,7,17,17,17,9,9,9,9,20,3,11,3,13,4,15,10,12,17,18,8,2,6,11,9,19,17,16,10,12,17,11,19,12,34,13,14,17,10,13,13,15,14,9,12,11,14,13,15,11,13,20,16,17,5,8,8,11,12,12,12,20,9,14,17,6,11,9,12,14,14,10,12,13,14,16,12,6,12,13,14,12,8,18,20,3,5,18,9,15,4,11,9,14,10,14,11,12,13,13,13,15,12,7,7,19,19,20,18,14,13,15,3,12,13,3,10,15,7,11,12,11,12,12,9,13,10,9,11,11,12,10,11,7,7,6,12,18,16,17,13,8,11,7,15,13,18,12,12,24,22,14,14,10,15,13,16,12,13,15,10,12,20,20,16,9,16,13,12,7,10,10,4,9,15,16,16,16,11,17,11,16,18,19,22,19,19,11,21,10,8,9,18,18,6,11,10,17,11,3,7,7,7,16,13,7,16,8,16,10,2,7,6,12,17,14,14,9,19,18,15,16,5,17,11,5,12,7,6,3,9,10,15,11,17,2,9,9,15,19,4,7,9,10,9,10,6,12,12,11,9,13,21,12,11,13,9,20,6,6,13,7,9,9,12,18,11,5,16,17,17,10,10,11,13,7,12,12,15,13,10,12,10,9,8,11,5,16,12,14,12,8,11,16,10,12,7,5,8,8,14,6,12
paclitaxel,5,7,9,6,10,4,7,5,5,7,7,4,5,12,7,4,9,6,7,5,6,4,6,8,9,6,6,2,11,6,8,7,5,3,6,5,7,5,7,4,7,5,8,7,14,5,5,6,3,5,6,6,6,3,5,5,7,5,5,6,4,6,10,6,8,5,9,4,3,4,6,7,6,7,7,5,7,3,6,13,8,7,3,5,6,3,6,6,6,5,3,6,6,8,5,5,5,3,5,6,5,6,6,7,5,7,5,11,8,12,3,8,7,17,5,5,13,6,3,6,6,7,6,5,6,6,6,8,7,2,10,5,11,3,8,6,5,5,7,6,3,3,6,7,9,6,6,10,10,7,6,8,5,1,15,5,6,5,7,5,6,1,4,3,7,7,5,5,11,2,4,7,4,11,5,20,4,7,6,6,3,5,6,17,7,6,5,9,6,5,5,4,13,4,6,4,3,7,7,6,6,2,5,7,6,5,8,6,7,6,5,8,4,7,9,5,14,5,6,6,3,6,7,6,5,9,7,8,5,6,7,7,6,8,6,5,4,6,2,6,14,6,6,5,8,6,5,5,6,3,6,6,4,7,3,5,5,6,6,7,7,5,6,6,6,6,3,7,6,3,6,5,8,8,7,4,4,7,6,5,6,8,5,9,3,2,4,7,6,5,6,3,7,7,8,1,5,7,6,4,6,6,8,4,6,5,4,6,5,5,4,8,5,5,6,3,5,5,5,3,6,7,4,5,7,4,5,6,7,5,6,7,6,5,5,6,6,1,7,4,6,5,9,6,2,6,6,4,6,5,8,15,7,3,5,7,5,7,8,7,6,5,3,4,5,6,8,5,3,6,4,6,5,4,7,6,3,3,5,7,3,6,6,5,7,6,8,4,5,7,5,2,3,5,5,5,6,4,5,7,7,9,6,4,5,8,4,3,8,5,5,7,6,6,6,5,7,1,6,5,4,7,5,5,7,6,4,6,5,5,6,5,5,6,4,5,6,6,5,5,6,5,7,6,7,5,6,5,7,6,7,7,6,4,6,12,7,7,5,8,6,6,6,7,7,5,4,9,4,5,5,5,5,7,5,9,5,9,6,4,5,5,4,2,5,6,6,5,18,6,5,6,2,4,4,5,6,7,5,7,8,5,7,3,6,8,9,4,5,13,7,4,7,4,4,5,7,3,6,12,5,7,3,6,5,6,6,4,8,6,7,9,7,6,5,11,3,3,3,5,6,5,6,6,4,7,6,5,6,4,5,6,4,5,15,7,7,7,4,6,5,5,8,3,5,16,6,6,6,4,8,4,8,2,6,5,6,6,6,10,3,7,4,13,6,6,6,6,13,5,3,6,7,5,6,5,6,4,2,10,7,7,7,6,5,3,8,7,1,5,3,3,4,7,4,16,6,19,6,5,16,2,17,5,6,3,3,6,4,5,6,3,4,4,6,5,4,10,4,7,11,5,5,18,6,5,6,7,4,1,5,7,6,5,4,2,7,4,5,5,3,5,9,6,5,7,4,3,5,6,3,6,6,7,5,6,6,5,7,7,8,5,8,6,6,5,3,4,5,6,5,6,3,5,4,4,5,11,9,3,5,8,4,7,6,9,8,7,6,9,7,6,14,7,6,4,9,13,4,2,8,4,18,3,3,8,6,7,10,1,6,8,5,6,3,6,6,5,4,9,7,7,3,6,5,4,3,5,7,6,3,8,5,11,10,4,7,14,6,5,14,7,11,5,14,2,7,15,12,4,6,7,6,5,6,5,6,7,5,7,6,6,5,6,6,13,7,2,2,6,14,3,14,6,7,6
pazopanib,35,36,27,33,36,20,33,24,34,26,26,30,27,21,33,28,28,23,33,32,28,37,18,34,31,29,34,32,29,32,23,37,9,18,34,21,25,16,22,31,27,34,25,28,30,29,28,37,31,33,15,26,29,30,32,33,36,32,23,36,36,35,30,22,33,37,28,27,33,36,21,25,34,33,27,35,34,3,33,25,37,23,36,36,21,33,33,23,27,36,34,21,32,29,13,36,30,35,34,35,33,25,30,16,31,31,24,33,25,30,33,36,31,31,36,26,35,26,28,34,34,19,36,27,31,31,33,22,29,33,32,35,30,33,20,31,22,20,23,32,36,27,24,12,35,17,28,37,33,34,21,33,20,3,34,33,33,25,36,29,20,26,34,23,15,34,21,24,32,29,14,29,33,33,32,31,33,15,35,32,36,34,34,13,22,34,20,34,16,16,37,32,33,32,35,16,35,21,30,20,36,37,22,32,36,36,31,35,35,21,35,22,17,33,27,37,35,29,28,35,20,26,22,35,17,34,21,27,35,18,29,14,21,23,19,28,22,33,17,33,17,23,36,15,33,33,17,21,34,37,16,35,34,34,27,36,36,35,33,21,32,31,35,34,20,30,35,32,34,36,28,26,33,36,33,36,25,21,20,33,35,35,27,33,30,36,24,31,30,25,32,32,25,34,19,36,34,18,34,30,32,34,35,27,17,28,25,35,17,32,26,14,36,32,34,30,34,33,33,35,36,30,31,36,35,27,20,24,35,30,33,36,20,26,30,24,36,20,19,37,36,32,35,19,34,36,35,25,33,14,34,23,23,37,34,22,35,34,19,34,36,34,19,32,36,36,34,23,36,36,35,23,33,35,36,34,19,15,21,34,34,26,30,18,16,35,36,32,36,36,23,20,30,26,18,32,29,28,34,34,21,36,33,22,20,35,32,35,35,32,35,35,36,31,24,24,14,31,28,30,32,23,35,29,18,29,20,33,33,23,20,31,28,23,31,30,35,32,22,35,28,22,19,29,13,37,36,22,36,28,36,36,22,35,26,34,36,31,35,33,31,27,16,36,20,20,33,33,33,33,27,15,28,36,21,36,22,36,35,34,34,36,27,35,21,35,23,13,27,32,26,34,32,30,33,36,20,33,23,33,35,35,21,3,32,31,34,27,28,18,31,32,36,36,31,30,19,35,32,30,36,32,34,24,31,33,18,4,26,33,36,35,23,35,34,32,34,35,32,33,31,26,27,32,27,23,29,24,33,34,25,30,33,27,18,36,34,31,31,23,32,36,33,36,35,24,30,36,28,33,27,35,34,37,30,33,33,21,35,22,25,24,28,36,36,16,36,35,22,27,23,34,30,20,36,26,34,32,18,37,27,36,33,30,20,3,28,24,12,30,30,32,34,27,33,29,25,28,33,33,34,31,23,31,35,33,31,35,35,23,22,28,33,23,21,25,35,32,31,30,34,21,23,31,20,20,34,29,36,29,33,20,33,36,25,28,24,25,33,30,24,29,34,35,36,34,14,19,36,31,33,34,22,34,32,32,33,33,33,32,32,24,33,20,29,27,28,33,35,18,30,31,3,33,35,34,31,32,24,37,33,35,35,35,33,31,28,32,28,32,21,28,20,31,29,36,27,30,28,34,35,36,37,33,21,33,32,34,33,35,29,36,33,36,37,34,25,26,30,36,24,37,33,37,21,27,14,30,18,28,26,29,33,30,31,23,35,35,33,36,36,30,36,22,18,27,27,37,31,33,30,28,33,35,36,36,27,34,35,36,29,35,13,28,33,10,35,25,29,32,28,30,32,29,31,25
pemetrexed,20,25,18,31,26,33,15,33,28,34,25,19,18,36,21,21,36,30,29,12,36,15,35,24,19,21,33,29,26,17,10,19,35,11,25,22,32,31,34,16,35,25,14,29,34,34,37,22,22,31,36,34,35,25,27,31,23,35,36,34,33,36,16,34,18,36,31,36,15,10,36,29,33,34,33,27,24,36,34,35,29,34,31,17,35,25,4,34,36,35,33,34,34,36,13,18,31,28,20,30,27,31,32,32,12,35,22,29,28,35,27,13,32,21,32,33,30,36,21,14,36,31,26,36,14,37,22,34,33,36,25,26,22,16,34,30,20,35,32,25,33,18,32,32,23,35,12,18,7,20,20,32,35,3,17,24,35,33,32,23,36,23,21,17,33,31,32,23,33,28,34,16,30,17,12,16,29,24,36,26,26,31,21,34,33,14,35,23,21,35,22,26,10,28,36,34,18,32,28,22,29,34,34,27,32,14,35,33,25,32,29,20,34,34,33,30,25,23,23,36,35,17,35,19,23,31,34,21,32,23,30,34,19,36,30,35,37,18,34,29,33,19,35,30,31,14,22,31,18,26,31,20,35,35,31,32,33,34,16,32,19,36,34,13,36,34,29,17,32,18,35,20,35,28,17,35,35,33,23,36,33,17,23,20,21,23,35,21,18,34,34,34,20,31,34,25,36,25,22,24,36,35,32,29,36,20,32,12,22,17,35,34,11,36,24,19,27,30,36,36,33,34,19,34,12,22,15,20,13,19,36,19,27,35,28,36,27,35,33,35,27,26,32,34,29,25,37,31,13,36,30,32,29,23,22,20,22,30,33,35,16,31,32,33,24,33,28,33,25,32,28,35,25,31,31,12,31,32,36,36,32,12,37,21,32,29,33,31,22,37,31,35,35,36,31,20,35,14,33,33,13,12,37,20,21,24,33,11,30,31,27,29,20,37,31,34,36,30,18,33,27,33,22,36,28,36,32,27,19,36,23,35,36,24,28,33,23,27,19,30,18,34,36,36,33,36,32,33,30,36,34,34,33,32,22,25,26,28,21,22,25,24,22,19,33,33,32,34,13,9,34,24,35,34,36,33,36,14,21,20,10,33,19,24,33,33,21,36,11,12,32,20,36,21,18,26,36,21,32,32,29,27,33,36,18,33,15,33,35,29,34,35,30,27,30,15,33,32,35,35,19,14,27,33,29,18,29,2,17,32,35,27,36,33,33,17,32,29,30,23,33,28,32,33,36,31,25,24,32,25,26,33,24,33,21,13,33,22,35,36,21,23,34,35,18,37,24,26,32,34,13,30,21,10,26,30,35,33,24,36,24,13,24,29,20,32,29,18,32,19,33,36,15,33,34,34,12,34,36,36,36,20,22,25,35,36,32,23,12,32,33,22,19,16,17,21,26,12,19,19,23,25,9,30,16,9,18,11,10,33,35,23,18,21,34,36,14,9,32,26,32,36,35,32,33,32,32,36,26,15,16,14,7,32,14,15,35,33,29,29,20,33,27,23,23,26,34,36,33,36,34,29,28,32,34,31,34,32,32,33,33,36,12,32,32,35,35,20,29,23,36,29,36,4,23,11,23,33,14,10,29,22,13,8,26,16,19,33,32,31,34,35,28,33,25,34,35,22,34,33,17,10,26,18,24,27,22,32,9,23,13,19,30,15,11,30,16,31,24,24,34,17,17,28,36,35,36,25,35,35,36,15,10,36,35,16,33,27,37,33,24,36,33,35,32,16,14,36,9,32,10,17,35,22,13,21,30,24,16,10,28,19,32,26,29,28,27,34,32,11,10,9,20,35,10,22
ponatinib,15,12,4,20,19,10,24,10,13,21,13,9,17,18,10,15,20,13,14,21,17,10,11,2,18,19,13,14,1,19,9,20,2,15,18,12,10,13,16,15,14,14,20,1,15,12,17,15,12,17,20,16,10,14,14,14,14,13,14,22,10,12,15,14,16,10,13,18,5,16,19,11,17,14,17,17,14,3,15,11,16,9,15,20,16,14,13,18,10,18,14,13,16,20,36,24,14,22,17,5,20,7,17,10,15,20,20,14,17,21,15,22,18,1,13,11,15,18,14,20,11,20,12,13,12,20,16,19,19,13,2,16,1,22,19,19,9,11,18,14,13,25,14,9,1,20,18,20,17,16,14,18,11,3,19,13,19,17,11,18,12,11,19,14,14,15,12,2,14,7,24,13,15,19,19,12,15,10,13,21,17,14,18,5,11,18,15,18,9,10,15,16,23,13,22,15,17,15,13,10,18,12,14,19,13,19,21,16,17,14,8,5,14,19,16,16,19,11,12,16,15,13,17,16,10,18,14,17,14,11,13,11,16,12,15,15,14,15,13,15,9,21,12,14,18,11,14,14,15,12,12,22,11,22,9,16,18,23,12,20,11,20,18,22,11,14,13,14,19,13,13,18,14,19,13,20,11,9,15,20,10,18,17,18,19,14,13,15,21,13,17,12,12,20,15,18,19,9,19,10,13,16,16,11,20,11,10,15,12,18,15,13,17,11,14,17,16,12,18,25,17,15,12,16,16,12,14,14,15,20,13,18,15,20,14,19,17,11,13,13,13,7,17,17,13,20,11,13,19,9,18,20,14,18,13,13,10,16,18,13,18,13,12,11,18,19,18,8,13,18,16,12,13,18,11,11,18,17,14,20,18,18,15,16,12,15,18,13,17,20,14,3,15,18,10,12,18,15,17,16,14,11,12,17,15,17,11,18,16,13,18,9,15,13,12,14,17,15,13,14,15,10,18,12,11,20,14,22,11,14,11,14,17,11,14,12,15,16,13,13,12,12,16,18,9,17,15,14,15,12,13,17,11,16,12,20,16,20,19,21,17,21,11,16,16,19,15,13,16,13,15,18,17,18,22,15,21,19,13,12,16,14,17,17,18,19,15,8,7,16,16,18,16,6,15,13,14,11,19,16,13,2,16,3,14,12,16,16,14,5,16,15,20,13,14,14,13,16,14,14,18,17,16,15,14,14,19,4,14,15,14,16,15,16,19,9,13,13,14,15,11,19,20,15,22,18,19,16,13,15,14,11,14,11,13,19,5,14,21,19,15,13,12,13,15,11,15,20,17,14,17,14,24,16,21,13,12,12,19,11,16,10,10,11,19,18,18,19,9,13,19,15,22,17,19,18,22,11,13,18,25,12,13,9,10,3,15,20,12,19,23,15,14,21,25,17,15,14,26,15,18,16,13,16,18,15,17,19,18,15,13,22,14,12,17,17,18,11,15,20,16,17,15,19,21,15,20,19,21,10,14,21,16,13,16,10,16,15,14,14,15,10,19,18,15,12,7,18,17,13,13,20,20,17,14,12,13,15,14,14,19,17,15,17,17,12,19,13,19,14,11,16,3,12,12,16,22,20,17,17,18,19,17,21,13,12,5,16,15,16,10,18,15,11,21,18,19,16,13,15,16,22,17,13,15,20,14,14,17,13,16,21,18,11,15,14,8,10,16,15,18,15,20,20,10,13,13,13,15,13,14,16,19,10,12,3,8,17,14,15,19,10,19,7,7,13,19,17,6,14,7,14,20,16,18,14,13,15,12,22,23,23,8,8,14,17,15,19,17,17,16,12,9,22,13,20
sorafenib,21,23,10,28,21,21,21,28,22,22,22,22,24,24,24,25,21,24,24,29,25,23,25,26,24,25,18,22,23,30,25,23,17,27,22,26,28,27,25,24,23,21,24,26,24,21,21,21,15,19,28,24,23,22,21,25,19,19,24,23,21,27,21,24,25,22,25,20,23,28,25,23,25,19,26,25,22,3,23,28,23,26,21,34,27,15,25,25,25,23,23,24,22,23,37,30,33,30,21,21,24,22,22,21,24,22,26,23,23,24,22,19,22,35,15,25,26,24,24,21,23,22,22,21,22,24,30,24,21,24,23,22,21,24,27,25,26,25,24,34,22,21,20,26,29,29,23,17,29,22,29,19,25,3,22,26,24,20,20,24,26,34,29,21,28,22,23,16,15,17,10,31,23,28,24,32,22,22,25,23,23,21,25,22,23,23,26,22,25,28,27,23,25,27,18,28,24,27,23,27,23,22,25,20,22,23,22,20,24,26,15,25,13,21,19,23,26,25,26,23,28,27,25,23,33,17,22,26,23,27,20,26,23,25,26,21,24,22,23,23,21,25,23,34,22,23,15,24,30,21,20,23,23,23,22,14,23,21,24,22,24,23,21,20,29,24,24,24,20,20,23,29,22,23,26,12,16,23,28,23,22,22,16,22,17,24,23,25,24,23,24,23,27,23,22,28,24,19,25,27,23,22,23,20,26,23,20,24,30,25,28,25,31,23,29,27,22,22,21,21,22,25,25,19,21,28,19,25,24,25,22,28,26,25,24,21,24,26,25,23,21,22,24,25,22,19,24,19,25,24,20,22,24,27,25,25,25,20,25,23,19,25,24,22,15,24,30,24,22,22,24,18,20,19,22,25,16,26,24,22,25,35,24,26,30,24,23,23,25,25,29,18,21,27,24,13,27,29,31,24,28,19,23,25,26,20,16,23,24,23,19,21,24,23,26,25,26,9,23,22,22,25,24,24,24,23,26,24,23,25,29,23,23,26,20,25,24,24,31,26,24,25,27,23,27,23,24,25,22,22,22,21,25,23,27,26,18,23,25,14,23,25,27,21,25,24,23,24,23,24,22,28,19,24,25,18,28,30,24,26,29,20,22,22,26,21,27,27,34,25,24,22,27,14,25,23,26,26,21,22,23,24,26,3,24,23,28,23,24,19,24,24,23,26,27,29,25,19,24,32,23,22,22,25,23,24,24,4,27,22,22,18,24,23,21,20,20,26,18,25,21,22,23,26,18,24,26,24,25,26,24,20,25,23,24,24,23,25,23,24,22,24,21,21,24,33,19,22,22,25,16,19,22,33,24,23,23,24,16,30,22,21,22,25,22,27,19,29,21,20,21,23,24,30,23,23,28,21,15,28,14,25,19,23,21,3,21,19,12,22,19,25,25,22,32,27,21,35,20,27,35,10,22,27,15,25,23,23,26,18,23,35,24,18,24,23,23,22,22,21,22,24,31,23,13,21,22,25,22,31,25,27,25,22,15,21,23,19,24,24,29,23,25,19,22,21,28,20,31,24,24,23,25,23,23,25,24,24,24,24,26,31,24,26,21,23,33,23,23,29,25,22,3,9,33,22,25,28,20,22,19,18,19,18,22,28,29,15,20,21,15,25,25,16,22,33,21,24,19,30,36,27,23,30,30,23,28,24,32,34,25,22,24,21,26,22,23,23,26,18,25,26,34,24,26,23,22,21,28,22,24,20,23,26,20,28,21,21,23,18,16,23,24,16,17,14,20,20,21,25,23,23,22,19,24,23,20,19,24,26,24,20,23,23,22,30,21,23,23,20,36,15,28,24,18,26
sunitinib,24,20,11,23,34,25,26,30,25,20,28,17,23,34,27,24,37,26,27,15,26,22,26,32,21,24,14,20,28,31,24,26,23,19,26,27,24,24,23,36,26,22,26,24,32,23,25,20,16,29,23,27,26,20,25,25,30,26,26,26,26,25,29,26,27,28,24,25,17,21,23,26,28,22,22,21,26,3,25,36,25,25,18,23,29,22,25,24,24,27,18,26,24,26,13,25,22,23,18,24,26,26,24,24,22,22,25,34,27,25,25,29,24,33,35,17,34,23,24,24,27,26,27,23,26,27,23,26,25,21,27,28,26,35,24,35,23,23,28,18,14,17,21,20,24,26,29,36,25,24,26,23,25,36,35,25,26,29,23,27,25,13,20,36,26,25,22,7,25,19,22,32,28,35,27,35,25,28,26,25,21,25,28,26,25,28,23,31,24,25,36,24,36,21,31,25,27,25,25,24,25,22,24,35,28,27,24,27,27,22,19,21,16,24,22,27,33,28,24,27,18,25,24,27,35,20,25,29,26,25,24,19,22,26,24,24,27,25,15,23,31,28,25,25,26,26,24,29,29,34,22,27,25,27,23,34,25,25,24,26,27,25,26,26,27,26,25,26,23,22,25,31,24,27,29,24,24,25,25,25,26,26,19,26,15,25,26,28,27,21,27,25,29,25,22,30,27,17,24,21,23,25,25,28,23,26,34,27,25,28,17,22,19,25,32,23,24,25,23,26,26,27,27,21,29,21,25,27,28,27,26,20,23,22,23,23,28,24,22,28,25,25,27,27,25,29,26,28,27,23,17,36,28,25,25,27,29,26,23,26,26,27,26,25,35,27,32,16,33,25,21,25,24,22,24,23,36,28,26,24,23,32,26,25,23,26,26,24,25,29,28,22,20,24,23,28,26,31,26,26,25,24,26,25,23,27,25,32,27,25,26,23,26,26,25,27,21,35,26,21,25,24,27,26,23,25,25,26,27,27,25,25,27,27,21,27,27,28,28,28,23,24,30,28,24,29,27,27,26,24,26,29,23,25,25,28,37,25,27,26,26,29,26,34,23,26,23,15,25,26,22,20,34,26,30,22,26,35,27,21,25,28,24,19,23,25,29,23,35,25,27,25,18,11,25,27,24,27,24,34,20,29,25,3,24,25,33,23,36,15,26,24,26,25,17,31,24,29,26,28,29,20,24,18,25,27,25,4,37,26,24,22,29,26,26,22,23,31,17,26,23,22,25,24,28,29,23,24,25,26,22,21,25,26,19,26,26,28,16,27,27,28,21,24,37,34,24,25,26,25,26,24,27,17,27,25,25,27,20,35,27,25,25,35,27,23,25,25,33,32,17,28,26,24,25,25,21,24,6,35,26,27,24,26,24,3,21,35,35,24,36,25,25,29,23,32,16,32,28,21,31,37,32,20,28,26,34,21,28,19,25,17,26,19,26,20,21,26,22,25,21,19,19,28,36,35,30,21,24,17,24,26,25,26,26,22,27,21,25,24,21,25,24,31,37,24,23,24,26,24,23,26,23,25,23,24,24,24,24,24,36,19,35,24,24,26,30,23,26,26,27,26,3,10,21,23,24,14,32,28,25,29,27,20,29,26,21,30,34,33,22,27,34,21,24,19,23,36,18,17,27,19,22,22,20,26,24,27,36,25,27,26,24,26,22,23,22,19,28,21,36,32,18,26,22,36,20,24,23,26,31,24,21,28,21,32,18,36,26,26,27,34,30,34,30,15,33,21,17,25,28,25,26,24,27,27,24,27,28,31,26,25,22,22,24,35,22,18,30,25,37,21,27,27,24,29
tamoxifen,29,34,36,25,33,34,36,20,27,36,36,34,36,35,15,36,27,32,34,34,30,34,36,31,22,34,30,34,34,33,34,35,28,35,33,31,20,35,35,34,32,33,34,33,23,35,23,35,33,34,31,36,34,31,28,32,35,25,34,27,30,33,34,35,35,32,35,35,30,26,32,35,30,32,34,33,32,3,29,29,35,16,23,30,32,30,34,35,32,26,26,35,27,35,13,28,34,25,33,31,36,35,35,35,34,31,36,30,34,27,32,34,34,26,33,34,33,35,34,32,33,32,33,29,34,29,34,33,34,31,28,31,33,32,35,24,32,33,35,31,28,34,33,36,33,31,32,31,35,32,28,27,36,3,29,32,36,28,33,36,23,33,28,25,27,29,34,34,34,31,26,35,34,32,35,27,34,32,33,35,27,32,35,32,35,36,34,32,34,30,32,35,27,34,30,33,31,34,33,34,30,22,35,22,25,35,32,34,33,34,32,32,24,29,32,35,22,33,32,34,34,36,32,34,27,30,33,35,33,36,31,35,34,34,33,33,29,31,33,35,32,30,33,31,32,30,34,35,32,29,34,36,28,36,35,27,34,33,32,10,35,35,20,30,23,32,31,36,33,31,30,27,25,33,34,26,33,34,34,34,32,32,34,36,23,30,34,33,34,30,35,31,35,35,32,33,20,35,29,23,30,31,33,35,33,34,33,34,34,30,31,31,29,35,21,34,30,27,32,33,35,35,35,27,33,35,35,36,33,34,34,27,33,29,35,34,33,32,36,32,29,33,36,28,23,32,29,33,35,34,31,19,32,27,29,34,33,27,36,36,23,22,35,31,29,34,33,35,32,34,36,33,34,33,28,31,29,35,31,32,35,34,34,35,34,36,30,34,35,34,10,30,29,35,34,33,28,27,21,36,33,37,36,34,34,33,35,30,32,35,32,33,34,34,32,35,35,20,34,32,33,36,36,31,34,34,34,35,34,33,35,24,22,34,34,34,34,34,24,23,34,29,31,27,32,33,35,35,32,33,32,25,35,29,31,36,30,29,33,34,34,35,33,30,35,34,29,25,32,34,33,33,31,33,23,32,23,34,28,35,33,34,36,33,35,28,35,31,33,34,35,35,34,34,35,35,33,23,34,29,24,33,30,3,34,35,31,34,33,35,36,30,27,33,34,32,20,28,34,36,31,35,30,31,33,34,35,4,32,36,32,33,33,32,27,34,30,30,31,35,34,34,34,34,34,34,33,23,24,32,35,35,36,34,36,33,32,35,22,33,26,34,29,30,28,35,36,33,35,32,20,32,32,27,36,36,34,30,29,26,29,34,34,33,35,25,34,28,35,36,35,32,35,35,32,36,24,29,32,30,30,33,32,29,32,3,33,34,12,34,32,33,32,35,36,33,34,30,34,35,26,31,34,35,34,35,30,33,33,34,36,27,34,31,33,35,34,33,33,34,35,35,34,29,32,34,33,35,35,36,35,36,36,33,34,34,33,36,32,33,31,34,30,28,27,29,35,34,34,23,31,35,35,33,33,29,31,35,31,31,34,29,26,34,30,34,23,31,36,34,35,34,3,34,34,35,34,16,29,31,34,31,33,34,34,29,35,34,31,27,35,36,31,32,33,22,36,32,22,29,26,34,27,34,35,28,36,33,31,33,36,32,31,33,33,28,35,34,34,33,29,31,31,33,34,33,34,34,27,25,33,28,36,34,26,29,34,33,32,35,33,31,28,36,27,27,36,31,36,34,35,34,32,34,33,34,36,33,34,23,34,31,35,31,32,31,33,35,34,33,22,35,35,33,32,34
temozolomide,37,37,37,37,37,37,37,37,37,37,37,37,37,30,37,37,30,36,37,37,37,34,37,29,36,37,37,37,37,37,37,32,37,37,37,36,37,37,37,37,37,37,37,37,20,37,36,31,37,37,37,37,37,37,37,37,31,37,37,37,37,37,37,37,37,34,37,37,37,37,37,37,37,37,37,37,37,3,37,37,36,37,37,35,37,37,37,37,37,37,37,37,37,37,13,37,37,37,29,37,37,37,31,37,37,37,34,37,37,37,37,37,36,37,37,37,37,33,37,37,37,37,37,37,37,36,37,37,37,37,37,37,37,36,37,33,37,36,37,37,37,37,37,37,37,37,36,33,27,37,37,36,37,3,24,37,34,37,37,37,37,37,37,37,30,37,37,37,37,37,37,37,37,37,37,37,37,37,18,37,29,37,37,37,37,37,37,37,37,37,25,34,37,37,37,37,37,37,37,37,37,22,37,36,37,37,37,37,37,37,37,37,36,35,36,33,37,37,37,37,37,37,37,37,37,37,37,37,37,37,37,37,37,37,37,37,31,37,37,37,36,37,37,37,37,37,37,37,37,32,36,37,37,37,37,30,37,37,37,37,37,37,37,35,37,37,37,37,37,34,37,37,37,37,37,30,37,37,37,37,37,36,37,37,36,37,37,37,37,37,37,37,37,37,37,37,37,37,37,37,37,37,36,37,37,37,37,37,36,37,36,37,37,37,35,37,37,37,37,37,37,37,37,37,37,37,37,37,37,37,37,29,37,37,37,37,37,37,37,34,37,37,37,32,37,37,36,37,37,37,37,37,37,27,37,37,37,35,37,37,37,37,37,37,31,37,37,37,37,37,37,37,37,37,37,37,37,36,37,37,37,37,35,37,37,37,37,36,37,35,37,37,37,33,36,37,37,37,37,37,37,26,31,37,37,37,37,37,37,37,37,37,34,36,37,37,37,36,31,37,37,37,37,37,37,37,37,37,37,37,37,36,37,37,37,37,37,37,37,37,37,37,37,37,37,33,37,34,37,37,37,37,37,37,35,37,33,37,37,37,37,37,37,37,37,37,37,37,37,37,37,30,36,37,37,37,37,37,37,37,37,37,37,37,37,37,37,37,37,37,37,37,37,37,37,37,37,37,37,37,37,37,37,3,37,37,37,37,37,37,37,37,37,37,37,36,37,37,37,37,37,37,37,37,37,37,37,4,35,37,37,37,37,37,37,37,37,36,37,37,37,37,36,37,37,37,37,37,37,37,37,37,37,37,37,37,37,37,37,37,37,37,37,32,30,31,30,37,37,37,37,37,37,29,35,37,37,35,37,37,37,37,37,37,33,37,37,37,37,37,37,37,37,37,37,37,32,37,37,30,37,37,37,37,37,3,37,37,12,37,37,37,37,37,37,37,37,37,37,37,37,31,37,37,37,37,37,36,37,37,37,37,37,37,37,37,37,37,37,37,37,37,37,37,37,37,37,37,37,37,37,37,37,33,37,37,37,37,37,37,37,37,36,37,28,37,37,37,37,37,37,37,37,37,37,37,37,36,37,37,37,37,37,37,34,37,37,37,37,37,37,37,3,37,37,37,37,37,36,34,37,37,37,37,35,37,37,37,37,37,37,32,36,37,37,37,37,37,37,37,37,37,36,31,37,37,37,37,35,37,35,37,37,37,36,37,37,37,36,37,37,28,37,34,37,37,37,37,37,37,37,37,37,37,37,25,37,37,36,37,37,37,37,27,37,27,35,31,33,37,37,37,36,37,37,37,32,37,37,37,37,37,37,37,37,36,37,37,37,37,34,36,37,37,37,37
temsirolimus,10,11,12,8,6,8,2,9,9,3,10,7,9,8,3,10,11,7,5,8,8,5,7,9,2,10,17,7,10,8,17,16,19,12,2,6,9,8,2,13,8,6,11,10,5,9,10,7,11,12,7,8,11,16,8,9,9,10,11,5,9,7,11,9,12,9,2,3,4,9,9,8,10,4,15,1,6,3,9,9,9,8,8,7,8,9,12,8,9,9,7,3,8,6,5,10,10,9,8,14,8,10,8,5,8,11,9,7,7,8,10,4,5,9,12,6,7,8,3,8,10,1,9,9,5,5,9,4,6,10,9,10,4,9,7,8,11,9,13,2,18,10,15,3,5,5,11,4,4,11,10,7,7,3,3,3,7,2,10,11,7,19,8,12,8,5,10,14,7,13,6,9,9,3,6,10,9,6,9,8,7,11,7,2,1,8,8,7,10,6,7,11,9,12,9,12,11,8,4,8,10,2,9,5,11,7,1,8,9,8,7,12,10,3,2,9,5,10,8,5,11,11,6,8,8,5,6,6,8,8,5,10,7,2,8,7,10,7,8,10,7,8,10,10,3,9,8,7,7,6,5,8,9,8,10,6,8,7,11,4,8,7,9,2,3,10,10,12,12,9,12,13,7,14,8,9,10,4,11,8,8,6,10,4,8,6,10,9,11,10,8,10,11,9,2,6,8,4,8,6,9,8,5,9,10,7,6,8,10,11,9,4,13,7,11,9,7,9,14,11,8,9,11,7,10,9,7,7,5,12,7,8,10,7,10,7,8,8,9,12,7,16,6,1,9,7,9,16,8,7,6,4,5,3,4,8,9,6,10,5,5,6,14,7,9,7,4,11,7,9,7,8,8,12,3,9,10,8,9,5,11,7,9,7,10,8,7,8,10,3,9,11,9,9,9,8,9,11,7,11,11,6,5,10,7,6,10,8,1,8,8,4,7,7,10,9,9,12,5,8,8,12,6,7,9,9,10,8,14,10,14,8,12,10,10,7,10,11,9,10,9,11,4,9,5,10,9,11,4,9,5,5,9,8,9,8,8,4,11,9,8,7,9,6,9,6,13,4,11,12,9,14,8,9,12,7,6,2,5,7,17,9,10,11,12,10,12,9,15,10,12,15,9,10,11,9,10,10,6,5,12,13,2,3,1,7,10,4,8,6,6,8,8,5,9,8,10,10,9,9,8,5,9,10,9,10,3,4,12,11,6,11,1,8,9,10,10,8,10,8,5,10,3,8,10,10,9,5,10,10,9,3,11,8,10,12,9,9,8,9,8,9,3,7,11,9,1,15,10,11,4,6,5,7,9,7,4,3,9,7,7,5,9,3,3,5,11,7,5,12,7,8,10,10,11,4,10,9,12,2,4,6,6,7,8,3,9,9,3,8,12,10,8,8,9,4,9,8,7,8,3,3,4,9,8,10,8,5,11,10,4,9,10,9,5,8,8,6,8,8,2,11,8,7,12,10,14,8,7,12,9,10,14,8,9,19,3,14,8,8,9,6,8,5,6,9,11,10,8,9,10,18,8,10,10,4,1,8,1,1,12,6,6,9,5,7,4,12,6,9,9,10,3,19,14,8,13,7,12,6,3,9,14,14,2,4,13,6,7,8,5,9,7,6,5,7,6,7,14,7,4,8,8,8,14,4,7,3,11,15,7,3,9,8,9,1,5,8,7,10,5,6,7,12,17,6,10,8,3,8,4,2,13,2,3,6,11,9,9,9,7,13,7,9,5,3,17,9,10,9,14,11,3,9,9,11,7,1,6,4,8,15,9,7,2,8,6,12,7,9,9,13,1,11,11,10
trametinib,14,24,17,4,8,13,5,22,20,8,6,21,8,13,13,8,10,11,2,24,10,13,9,12,20,7,3,12,5,22,2,11,18,29,24,7,1,11,13,8,16,26,1,25,11,11,19,13,1,21,18,1,7,17,13,2,24,14,10,9,7,8,14,12,23,11,17,8,25,13,4,15,7,11,6,20,10,3,5,6,1,18,2,11,12,19,21,19,8,13,8,15,1,10,13,17,9,7,24,9,11,11,11,3,27,1,11,1,12,4,16,9,3,6,4,20,21,9,22,10,18,18,3,11,27,11,14,1,12,16,6,20,25,10,3,3,10,10,5,20,10,5,4,13,4,22,2,14,11,2,7,4,13,3,8,11,9,15,2,9,17,14,23,20,9,20,9,13,22,20,9,10,13,15,23,2,7,14,16,11,16,6,10,16,13,26,11,20,18,12,11,2,19,2,10,17,10,10,12,9,3,11,2,15,1,11,6,22,13,2,11,17,2,6,8,10,1,21,2,15,9,7,14,15,9,1,8,1,12,12,9,8,9,6,20,17,9,1,12,2,1,10,4,11,2,21,20,6,17,11,10,11,10,10,13,11,11,10,3,13,6,10,8,10,10,11,6,2,5,14,8,9,4,2,27,18,21,11,1,10,9,12,2,1,14,20,8,5,22,6,7,8,6,2,25,20,15,14,12,28,21,5,2,6,1,19,16,18,19,13,7,10,20,12,7,16,10,17,11,12,12,1,1,18,22,14,23,9,10,10,10,13,7,9,7,13,14,10,1,10,9,10,2,9,10,24,15,18,12,10,22,5,9,11,17,16,11,1,1,11,1,10,20,16,13,10,11,10,18,8,12,28,11,14,21,22,22,19,11,9,14,23,7,13,2,2,4,21,9,22,11,25,11,10,22,17,10,2,20,6,2,25,11,1,10,3,21,24,18,17,17,1,10,15,5,10,25,17,12,12,21,4,12,25,6,15,17,10,15,17,9,2,6,5,9,11,12,26,20,7,19,2,11,2,12,11,5,10,8,10,9,8,13,7,10,6,10,10,18,2,14,10,13,15,2,7,7,17,12,25,11,11,23,12,9,16,20,3,9,28,27,16,9,25,10,9,8,17,23,3,7,17,4,15,9,10,8,2,18,17,7,12,10,3,13,18,8,12,10,11,11,10,4,18,21,20,1,18,2,2,26,23,21,13,6,7,9,4,5,12,2,4,17,11,12,18,21,17,20,11,7,7,17,11,13,2,5,4,20,20,10,23,10,19,1,8,16,4,19,22,11,10,18,9,14,10,9,8,15,7,14,20,3,11,11,10,8,11,17,21,15,26,14,22,9,10,24,22,8,10,11,11,3,1,7,13,27,18,10,9,9,5,2,12,9,3,1,2,12,11,11,6,10,28,20,23,20,20,22,29,12,13,26,18,21,21,21,17,27,1,1,12,7,10,16,9,20,24,1,1,4,15,9,6,2,3,24,14,9,14,11,1,22,11,21,3,10,2,12,10,22,13,16,21,12,17,15,21,11,1,6,4,15,1,12,14,9,9,12,9,21,9,20,19,20,9,11,11,8,11,10,2,3,29,16,24,8,3,16,12,26,10,16,23,24,24,26,9,4,11,8,17,4,12,10,16,3,14,21,14,22,15,13,15,23,6,17,4,7,14,11,6,7,20,16,21,26,24,11,1,10,11,9,7,16,12,15,16,16,11,12,19,16,17,22,13,22,7,11,22,13,20,4,12,22,32,12,8,13,6,26,4,10,7,8,19,22,23,21,13,12,9,11,24,20,9,4,7,10,19,17,23,21,9,22,4
vinblastine,2,5,3,7,3,2,1,6,1,4,8,3,2,4,2,5,5,3,1,4,5,1,3,5,3,3,2,5,3,2,7,3,13,6,4,2,4,3,5,7,2,2,6,3,6,2,3,4,6,4,5,3,9,5,7,3,2,4,6,2,3,5,1,4,4,2,8,6,8,1,1,6,4,2,3,4,4,3,3,7,6,2,4,3,3,5,9,2,2,2,2,4,3,3,5,1,4,5,1,4,3,2,4,1,1,4,1,4,2,3,5,5,2,2,7,2,2,2,8,2,3,2,2,3,2,4,3,6,2,6,4,3,5,7,2,2,6,4,3,3,6,4,3,2,2,2,3,1,1,3,3,6,3,3,1,2,2,6,4,1,2,7,3,5,2,3,7,3,9,6,5,2,1,1,1,1,2,5,3,4,1,9,3,3,4,3,9,2,4,4,3,6,2,8,4,2,6,3,2,5,2,2,8,3,3,1,3,2,1,3,3,3,7,2,4,6,4,6,5,2,4,3,4,7,3,3,2,3,6,3,2,9,2,7,5,2,7,3,3,5,2,4,2,4,4,2,3,3,4,4,2,2,5,2,6,3,2,2,2,1,3,3,1,3,8,5,5,6,2,6,3,3,6,6,2,4,3,2,7,2,4,3,6,3,2,3,2,4,1,4,3,2,4,3,6,4,3,5,3,2,5,2,3,5,4,6,5,1,2,4,5,5,4,3,8,2,2,7,2,4,2,3,8,2,3,5,3,1,3,2,1,4,5,6,3,3,5,6,3,6,3,2,3,5,5,4,3,5,3,2,4,10,2,3,1,4,4,3,5,3,7,3,5,2,4,2,1,6,4,10,6,1,3,3,2,3,7,5,3,6,5,4,4,2,6,5,3,1,6,2,3,10,5,2,7,3,2,1,1,4,6,2,3,8,3,1,3,1,4,4,2,3,5,5,2,7,3,4,2,2,3,6,2,3,5,4,6,2,7,3,4,3,3,8,5,4,4,2,2,6,5,6,3,4,2,6,7,4,3,5,3,3,2,5,5,1,3,2,2,4,2,2,2,3,6,2,2,1,1,1,6,2,4,6,3,2,1,5,3,6,2,7,6,3,2,2,1,10,2,4,3,4,6,5,3,2,4,5,2,4,3,7,5,3,5,6,2,4,1,3,5,6,2,2,3,2,8,5,4,3,4,2,2,4,1,2,2,4,4,2,3,3,5,2,2,3,6,4,6,2,1,3,2,2,6,4,4,5,1,2,3,7,2,2,5,5,3,3,1,3,4,2,4,4,4,2,2,5,5,2,5,7,2,4,3,2,2,2,2,1,5,2,2,1,2,2,2,2,3,3,5,2,4,3,5,2,1,5,8,3,6,3,3,2,2,3,3,5,3,2,4,2,2,5,5,2,8,2,4,1,2,3,8,6,5,5,4,2,9,8,3,8,2,3,2,4,1,2,10,3,5,8,6,4,7,6,5,4,2,6,3,3,3,3,8,6,4,12,7,7,6,3,2,3,3,2,5,7,4,11,7,2,5,8,7,5,5,4,6,4,3,2,3,3,2,2,7,1,2,4,2,3,3,3,5,5,6,4,4,5,1,3,9,4,1,1,3,3,3,3,3,2,3,3,2,2,2,4,12,5,1,2,7,6,6,2,4,8,3,7,2,2,2,2,5,2,3,2,3,3,3,2,1,3,4,3,4,3,2,3,7,1,4,3,4,8,5,2,4,3,2,2,3,4,4,3,3,3,1,2,2,9,1,2,5,3,4,2,4,1,3,2,2,3,1,4,9,8,5,4,1,5,6,4,4,3
vinorelbine,4,6,7,5,5,6,10,3,5,13,4,2,3,3,5,6,4,1,7,6,2,3,1,3,4,2,4,4,7,4,3,4,3,2,7,10,3,2,6,5,4,3,10,5,12,3,4,2,4,3,1,7,3,2,5,5,4,3,3,8,2,2,4,5,3,4,6,2,1,5,3,4,5,5,2,6,5,3,2,8,10,3,1,1,5,4,6,5,4,6,5,1,10,4,1,6,2,4,2,2,2,3,10,8,4,6,3,8,9,2,3,7,10,5,3,4,3,3,1,5,1,4,4,2,4,2,5,7,3,5,7,2,9,8,9,7,3,6,2,4,4,14,2,10,8,3,7,5,12,4,1,10,1,3,9,5,5,1,3,2,4,3,5,2,6,6,2,4,5,3,7,3,4,7,2,5,4,4,4,2,4,3,2,7,6,2,1,3,1,9,2,4,3,6,5,8,5,1,6,4,8,1,1,6,5,4,9,4,6,4,4,1,5,9,3,1,12,1,3,7,7,2,8,2,4,10,4,5,2,2,10,5,3,3,3,3,5,10,4,6,11,1,7,3,7,6,4,4,3,2,3,3,1,5,2,2,4,1,7,12,2,2,3,12,2,2,12,1,7,2,2,6,3,7,1,3,6,5,2,4,2,7,4,10,5,4,4,2,7,3,2,6,2,5,1,5,6,10,7,3,3,1,9,2,3,3,3,4,1,7,2,6,3,2,3,1,4,5,4,5,7,6,7,3,5,6,2,3,4,3,8,3,2,2,2,2,3,2,4,2,5,1,5,8,2,3,2,3,5,1,9,6,3,2,5,2,2,8,4,2,3,2,3,5,3,5,12,9,5,3,3,3,4,2,5,4,2,4,2,4,2,5,5,3,5,4,5,4,8,4,2,4,4,3,1,4,7,5,4,5,1,7,2,3,2,10,2,6,7,6,4,12,3,3,7,4,1,2,7,4,4,2,3,2,2,1,1,3,1,2,1,5,1,1,2,2,2,3,1,3,1,3,2,3,3,3,2,1,6,3,2,2,7,3,4,5,1,8,3,12,3,3,3,2,5,9,3,8,4,4,3,4,1,3,1,5,3,7,2,3,3,3,2,4,4,3,2,1,1,6,2,1,5,2,4,3,3,1,3,8,2,4,4,3,6,10,7,4,4,2,3,4,5,6,6,1,2,2,8,4,6,3,3,5,2,3,10,4,3,3,5,6,3,5,3,1,2,2,2,5,10,6,4,5,3,6,2,5,5,5,5,2,3,3,11,4,2,6,5,4,2,4,8,2,2,4,6,2,2,4,7,3,9,3,4,5,7,5,5,4,4,6,6,7,4,8,4,3,7,2,6,4,12,2,4,6,3,2,5,6,8,2,8,3,3,3,5,4,3,4,5,3,4,4,7,6,5,3,3,3,4,3,2,4,1,3,5,8,5,3,8,5,4,7,3,10,5,1,4,2,7,4,10,9,4,4,1,12,8,3,1,5,2,1,1,5,5,3,5,6,2,1,10,7,2,6,1,2,10,6,3,3,2,5,4,6,6,6,7,7,4,4,9,2,7,3,8,4,1,5,6,8,3,1,3,2,2,5,2,2,6,5,2,9,5,5,4,4,9,6,4,5,5,5,4,6,5,2,2,4,3,7,14,2,5,5,3,9,8,2,4,13,3,3,2,6,2,3,5,7,9,3,6,2,1,2,6,2,6,5,6,3,2,6,6,5,2,8,2,4,4,5,8,3,3,3,5,7,4,4,3,2,7,3,4,2,3,4,2,6,2,4,3,2,6,3,3,11,3,3,2,4,7,3,3,2
vorinostat,13,13,21,16,11,16,20,18,16,19,21,14,21,22,12,22,19,20,13,17,21,19,20,20,13,18,19,19,25,15,21,17,22,21,16,19,17,23,21,14,15,17,19,23,19,20,6,16,18,14,13,14,22,21,12,20,11,23,20,17,17,20,13,15,13,18,19,23,19,15,13,22,19,18,24,11,15,3,21,21,12,19,16,18,26,12,16,21,19,15,17,20,14,19,13,14,15,16,16,15,17,19,18,23,16,14,19,10,18,16,12,15,15,12,20,12,16,22,17,28,21,10,19,25,16,17,11,12,15,20,21,18,19,18,17,17,30,27,16,12,23,20,23,19,22,14,20,13,19,14,18,17,18,3,12,19,20,12,17,30,8,21,14,13,18,12,20,18,10,21,16,23,11,10,14,13,17,21,29,28,9,35,22,15,20,19,19,13,23,21,17,18,15,23,21,18,23,20,14,21,16,17,17,14,17,18,14,10,20,17,10,14,26,16,31,32,13,20,19,20,19,16,20,13,22,16,17,19,18,19,12,21,20,18,16,18,19,13,22,12,12,17,20,24,15,10,9,20,8,17,17,21,21,21,20,15,13,19,10,14,21,19,15,16,18,21,21,19,22,12,15,17,15,10,16,17,17,15,18,16,19,16,18,19,13,17,19,23,13,17,16,17,19,18,18,19,17,26,11,16,19,20,17,21,15,36,26,22,18,23,27,18,15,20,22,13,15,13,19,14,20,17,20,12,14,20,16,23,19,16,19,16,21,17,19,18,15,12,12,17,18,14,14,20,16,11,22,23,18,21,11,18,19,16,12,21,17,17,17,15,10,19,15,18,11,12,17,19,17,17,15,26,19,13,16,15,13,22,16,18,19,14,17,20,21,19,21,11,19,15,19,16,16,22,16,15,20,13,14,21,22,20,17,23,22,13,17,10,15,19,12,30,23,19,17,19,19,14,16,11,17,21,19,17,20,21,11,17,21,19,21,15,25,28,17,20,22,19,21,21,22,21,17,11,21,16,20,20,14,14,21,16,16,21,23,13,15,19,23,17,15,20,21,13,21,15,14,16,20,15,18,13,15,19,18,20,15,15,15,19,19,23,21,16,17,13,20,34,16,19,21,16,20,24,14,21,21,20,16,13,19,22,17,3,19,19,12,18,18,21,19,19,21,14,12,13,36,13,12,13,21,11,10,23,18,16,7,4,21,21,19,17,10,20,13,12,36,7,12,12,19,16,15,20,23,20,21,17,9,16,13,18,16,15,25,18,17,21,14,14,20,21,17,18,16,18,12,13,20,23,12,9,14,18,15,15,19,18,11,14,17,19,17,12,13,17,13,16,17,16,20,12,14,21,18,14,15,15,24,16,22,19,25,14,26,3,19,15,12,14,20,13,17,17,22,13,23,21,15,16,14,23,18,22,14,18,15,15,19,16,15,26,16,15,18,19,13,18,30,17,18,27,20,20,16,17,9,24,11,25,22,16,18,16,18,27,19,31,19,17,18,11,18,8,16,10,20,22,21,18,20,19,19,16,13,19,23,20,20,21,17,15,14,18,12,16,21,14,13,22,23,20,3,18,19,20,27,21,15,18,11,15,20,12,12,13,18,25,18,24,29,13,24,30,12,11,18,18,15,23,15,13,16,21,19,16,16,18,13,17,20,16,21,16,12,11,18,11,18,12,22,18,10,22,20,26,25,15,17,16,16,13,20,18,14,20,14,13,15,16,12,11,15,11,9,16,13,18,19,17,17,36,12,15,19,16,17,14,19,12,14,13,21,15,11,16,20,22,20,16,18,20,12,15,16,21
zstk474,11,16,15,19,18,22,25,36,17,11,15,11,20,19,17,18,34,10,18,20,22,16,22,17,10,12,10,13,20,12,6,27,4,16,10,32,12,10,17,23,19,12,9,15,22,14,12,9,23,8,16,18,13,9,15,18,17,21,18,16,20,14,12,20,17,31,11,11,14,14,18,10,18,30,8,14,19,1,16,22,18,10,9,15,14,8,8,15,15,21,9,19,13,17,13,11,27,13,25,16,22,18,15,19,10,25,13,27,21,15,19,18,14,8,24,14,10,14,6,27,12,8,13,6,8,10,25,15,18,11,26,17,24,19,13,34,13,18,14,19,27,16,19,25,25,13,16,23,32,12,16,16,22,3,28,17,15,10,26,20,22,15,25,11,34,16,36,15,6,10,20,19,19,9,11,14,18,20,11,18,14,8,17,21,27,13,13,11,8,31,13,17,18,11,19,31,14,14,17,12,12,19,13,13,19,17,29,13,28,19,20,9,20,17,13,13,15,14,18,9,22,21,19,18,16,21,15,9,21,20,32,15,13,19,18,13,21,30,30,28,16,12,13,18,12,16,31,19,14,15,29,18,15,13,19,17,14,13,15,15,15,12,27,28,22,18,16,18,11,16,22,12,12,21,12,2,22,19,14,14,7,19,12,29,34,10,15,12,14,15,13,21,17,11,13,11,32,22,13,8,29,12,20,16,12,21,15,20,14,12,14,12,7,10,20,15,18,18,16,18,31,16,14,14,20,24,10,15,12,14,17,12,11,18,20,10,18,21,31,20,19,15,15,16,12,16,23,24,15,22,19,17,16,15,16,24,21,33,12,22,14,18,6,14,17,13,20,17,14,27,10,14,16,9,13,26,12,18,19,12,13,19,22,23,17,22,28,15,20,12,22,13,14,19,14,25,19,22,13,15,19,22,19,15,11,19,13,14,3,33,11,16,16,21,20,12,4,16,36,13,20,17,15,15,15,12,19,20,20,15,12,16,11,14,22,23,16,10,16,12,20,16,9,19,20,21,17,17,21,32,17,10,21,15,19,16,19,35,17,27,9,22,24,11,17,18,18,12,18,16,13,35,10,15,10,14,12,17,20,10,8,24,18,12,13,31,24,21,10,14,20,11,30,16,19,25,18,12,13,21,18,18,19,2,10,16,29,3,12,30,14,26,15,16,15,18,9,12,20,16,22,12,17,35,21,20,20,36,18,20,15,15,11,14,29,24,8,33,28,16,27,36,18,16,21,13,12,17,12,17,18,10,17,22,17,23,12,18,18,31,31,17,7,17,9,17,17,18,13,16,23,13,18,25,19,19,14,16,14,19,33,14,27,18,17,35,28,11,20,15,18,26,20,18,30,20,11,12,16,17,15,23,18,32,19,1,20,22,12,13,27,18,16,14,14,8,11,10,14,12,7,17,15,17,9,16,35,16,15,14,21,13,22,22,15,16,15,12,14,14,15,13,14,35,15,19,12,20,14,18,15,24,20,25,23,16,18,11,16,11,10,16,15,30,18,15,22,13,15,22,19,10,11,15,9,15,12,13,11,12,14,13,16,15,25,22,20,16,25,13,18,19,1,15,6,14,21,18,10,14,27,20,8,11,17,22,20,18,30,15,20,11,17,23,35,21,15,17,8,20,13,23,4,11,22,24,10,21,16,19,22,20,14,18,17,17,14,7,25,16,15,19,23,14,8,15,18,7,10,20,22,17,8,7,9,17,16,25,16,31,28,26,13,14,19,22,30,5,16,11,13,16,21,28,21,25,11,13,10,20,13,26,19,13,16,23,23,15,14,13,11,11,4,16,17,15
